x,y,cat_id
-4.2,1.0,1
-4.200223175995221,1.0377920338524584,1
-4.200892648639191,1.0755746962885098,1
-4.2020082519205495,1.113338618215608,1
-4.203569709199438,1.1510744351883537,1
-4.205576633276099,1.1887727897306266,1
-4.20802852648689,1.2264243336559895,1
-4.210924780827691,1.2640197303857903,1
-4.2142646781046755,1.3015496572643834,1
-4.2180473901124,1.3390048078709003,1
-4.222271978839178,1.3763758943269935,1
-4.226937396699683,1.4136536495999823,1
-4.232042486794724,1.4508288298008307,1
-4.237585983198119,1.4878922164763846,1
-4.243566511270616,1.524834618895302,1
-4.249982588000765,1.5616468763271099,1
-4.2568326223726665,1.5983198603138207,1
-4.264114915760501,1.634844476933547,1
-4.271827662349741,1.6712116690555505,1
-4.279968949584946,1.7074124185861703,1
-4.288536758644027,1.7434377487050678,1
-4.2975289649388575,1.7792787260912404,1
-4.306943338642116,1.8149264631382462,1
-4.316777545240223,1.8503721201580934,1
-4.327029146112242,1.885606907573246,1
-4.337695599134586,1.920622088096207,1
-4.3487742593114,1.9554089788961309,1
-4.360262379430451,1.989958953751934,1
-4.372157110744361,2.0242634451913686,1
-4.384455503677018,2.0583139466155265,1
-4.397154508555,2.0921020144082476,1
-4.410250976363803,2.1256192700299152,1
-4.423741659528719,2.1588574020951055,1
-4.437623212720147,2.1918081684335933,1
-4.451892193683143,2.2244633981341893,1
-4.466545064091012,2.2568149935709068,1
-4.481578190422711,2.288854932410958,1
-4.496987844863876,2.3205752696040802,1
-4.51277020623121,2.3519681393526923,1
-4.528921360920039,2.383025757062408,1
-4.545437303874786,2.413740421272402,1
-4.562313939582111,2.4441045155651713,1
-4.579547083086491,2.474110510455202,1
-4.597132461027979,2.5037509652560814,1
-4.615065712701882,2.5330185299255867,1
-4.633342391140101,2.561905946888305,1
-4.651957964213857,2.5904060528353128,1
-4.670907815757542,2.61851178050049,1
-4.690187246713404,2.6462161604130117,1
-4.709791476296788,2.673512322625589,1
-4.729715643181637,2.700393498418036,1
-4.7499548067059845,2.7268530219757317,1
-4.770503948097092,2.752884332042559,1
-4.791357971715982,2.77848097354793,1
-4.812511706321015,2.803636599207463,1
-4.833959906350221,2.828344971096946,1
-4.855697253222058,2.8525999621991702,1
-4.877718356654279,2.8763955579232716,1
-4.900017756000582,2.899725857596186,1
-4.922589921604696,2.92258507592586,1
-4.945429256171596,2.9449675444358476,1
-4.968530096155479,2.9668677128709433,1
-4.991886713164174,2.9882801505734964,1
-5.015493315379632,3.0091995478300686,1
-5.039344048994136,3.0296207171881013,1
-5.063432999661897,3.0495385947422675,1
-5.087754193965648,3.0689482413901827,1
-5.112301600897898,3.0878448440571717,1
-5.137069133356454,3.106223716889782,1
-5.1620506496538665,3.124080302417754,1
-5.187239955040399,3.1414101726841452,1
-5.212630803240165,3.1582090303433525,1
-5.238216898000035,3.1744727097267345,1
-5.26399189465094,3.1901971778755898,1
-5.289949401681181,3.205378535541219,1
-5.316082982321352,3.220013018151838,1
-5.342386156140489,3.23409699674609,1
-5.368852400653042,3.2476269788729315,1
-5.39547515293628,3.2605996094576657,1
-5.422247811257716,3.273011671633914,1
-5.449163736712168,3.2848600875413108,1
-5.476216254868024,3.2961419190887318,1
-5.503398657422324,3.306854368682861,1
-5.5307042038642455,3.3169947799219224,1
-5.558126123146561,3.3265606382543935,1
-5.5856576153646875,3.3355495716025474,1
-5.613291853442873,3.3439593509506667,1
-5.641021984827134,3.3517878908977785,1
-5.668841133184505,3.359033250174779,1
-5.696742400108184,3.365693632125815,1
-5.724718866828157,3.3717673851538086,1
-5.752763595926865,3.377253003130008,1
-5.7808696330595,3.3821491257674663,1
-5.809030008678495,3.38645453895836,1
-5.837237739761792,3.3901681750750505,1
-5.8654858315444365,3.393289113234832,1
-5.893767279253099,3.395816579528282,1
-5.92207506984307,3.3977499472111723,1
-5.9504021837373084,3.3990887368598837,1
-5.978741596567108,3.3998326164902917,1
-6.007086280913955,3.3999814016400887,1
-6.0354292080521414,3.3995350554145274,1
-6.063763349691697,3.3984936884955648,1
-6.092081679721224,3.3968575591144217,1
-6.12037717595018,3.3946270729875465,1
-6.148642821850198,3.3918027832160074,1
-6.176871608294995,3.388385390148338,1
-6.20505653529845,3.3843757412068705,1
-6.2331906137504145,3.3797748306775968,1
-6.261266867149823,3.3745837994636134,1
-6.289278333334682,3.3688039348022065,1
-6.317218066208499,3.3624366699456503,1
-6.345079137462729,3.3554835838058032,1
-6.372854638294811,3.347946400562574,1
-6.4005376811213655,3.339826989236377,1
-6.428121401286134,3.3311273632246587,1
-6.455598958762227,3.3218496798026353,1
-6.482963539848273,3.31199623958834,1
-6.510208358858027,3.3015694859721365,1
-6.537326659803051,3.290572004510818,1
-6.564311718068007,3.2790065222864637,1
-6.59115684207819,3.2668759072301903,1
-6.61785537495886,3.254183167410984,1
-6.644400696185963,3.2409314502897804,1
-6.670786223227854,3.2271240419389753,1
-6.697005413177577,3.2127643662275696,1
-6.723051764375345,3.1978559839721377,1
-6.748918818020767,3.182402592053844,1
-6.774600159774465,3.166408022501711,1
-6.800089421348655,3.1498762415423815,1
-6.825380282086319,3.1328113486165967,1
-6.850466470528548,3.1152175753626503,1
-6.875341765969706,3.097099284567047,1
-6.8999999999999995,3.078460969082653,1
-6.924435058035073,3.0593072507145878,1
-6.9486408808322615,3.0396428790741408,1
-6.972611465993132,3.0194727304009894,1
-6.996340869451906,2.9988018063540274,1
-7.019823206949436,2.9776352327710844,1
-7.0430526554923425,2.9559782583978547,1
-7.066023454796963,2.933836253586348,1
-7.088729908717747,2.911214708963186,1
-7.111166386659747,2.8881192340680752,1
-7.133327324974859,2.864555555962787,1
-7.155207228341457,2.840529517811002,1
-7.1768006711270855,2.816047077429359,1
-7.1981022987338745,2.791114305810079,1
-7.219106828926334,2.765737385615516,1
-7.239809053141208,2.739922609645026,1
-7.260203837779061,2.7136763792745193,1
-7.280286125477271,2.6870052028690883,1
-7.300050936364125,2.6599156941691087,1
-7.319493369293688,2.6324145706502065,1
-7.338608603061162,2.6045086518575067,1
-7.357391897598413,2.5762048577145626,1
-7.375838595149386,2.547510206807404,1
-7.393944121425095,2.518431814644113,1
-7.411703986737935,2.488976891890368,1
-7.429113787115001,2.4591527425813906,1
-7.4461692053901505,2.4289667623107394,1
-7.462866012274554,2.398426436396404,1
-7.479200067405441,2.367539338024639,1
-7.4951673203728015,2.33631312637202,1
-7.510763811723776,2.3047555447061736,1
-7.525985673944501,2.2728744184656495,1
-7.54082913241914,2.2406776533194215,1
-7.555290506365898,2.208173233206495,1
-7.569366209749749,2.175369218356102,1
-7.58305275217168,2.1422737432889765,1
-7.596346739734218,2.108895014800213,1
-7.609244875883025,2.0752413099242015,1
-7.621743962224354,2.0413209738821396,1
-7.633840899318168,2.007142418012643,1
-7.6455326874467175,1.9727141176859577,1
-7.656816427358388,1.938044610202295,1
-7.667689320986643,1.9031424926748055,1
-7.678148672143863,1.8680164198977272,1
-7.688191887189934,1.8326751022002283,1
-7.697816475675395,1.7971273032864745,1
-7.707020050959009,1.7613818380624662,1
-7.715800330799585,1.725447570450176,1
-7.724155137921907,1.6893334111895353,1
-7.732082400556651,1.6530483156288045,1
-7.739580152954117,1.6166012815038866,1
-7.746646535871691,1.5800013467071297,1
-7.7532797970348835,1.5432575870461727,1
-7.75947829157185,1.5063791139933815,1
-7.765240482421269,1.4693750724264507,1
-7.7705649407135,1.4322546383607202,1
-7.7754503461249005,1.3950270166737617,1
-7.7798954872052315,1.3577014388228192,1
-7.783899261678066,1.320287160555652,1
-7.787460676714123,1.2827934596153598,1
-7.790578849177464,1.2452296334397432,1
-7.793253005844486,1.2076049968557916,1
-7.79548248359566,1.1699288797698566,1
-7.797266729579969,1.1322106248540773,1
-7.798605301351998,1.0944595852296533,1
-7.79949786698165,1.0566851221475146,1
-7.799944205136454,1.018896602666989,1
-7.799944205136454,0.9811033973330117,1
-7.79949786698165,0.9433148778524849,1
-7.798605301351998,0.9055404147703474,1
-7.797266729579969,0.8677893751459231,1
-7.79548248359566,0.8300711202301441,1
-7.793253005844486,0.792395003144208,1
-7.790578849177464,0.7547703665602572,1
-7.787460676714123,0.7172065403846408,1
-7.783899261678066,0.6797128394443483,1
-7.7798954872052315,0.6422985611771812,1
-7.7754503461249005,0.6049729833262389,1
-7.7705649407135,0.5677453616392802,1
-7.765240482421269,0.5306249275735486,1
-7.75947829157185,0.49362088600661913,1
-7.753279797034884,0.456742412953828,1
-7.746646535871691,0.419998653292871,1
-7.739580152954117,0.38339871849611384,1
-7.732082400556651,0.34695168437119595,1
-7.724155137921908,0.31066658881046494,1
-7.715800330799585,0.2745524295498236,1
-7.707020050959009,0.23861816193753427,1
-7.697816475675395,0.20287269671352615,1
-7.688191887189934,0.1673248977997721,1
-7.678148672143863,0.1319835801022724,1
-7.667689320986643,0.09685750732519516,1
-7.656816427358389,0.06195538979770565,1
-7.6455326874467175,0.02728588231404183,1
-7.633840899318168,-0.007142418012642704,1
-7.621743962224354,-0.04132097388213918,1
-7.609244875883025,-0.07524130992420108,1
-7.596346739734218,-0.10889501480021346,1
-7.58305275217168,-0.14227374328897646,1
-7.569366209749749,-0.17536921835610153,1
-7.555290506365898,-0.2081732332064954,1
-7.54082913241914,-0.24067765331942104,1
-7.525985673944501,-0.27287441846564864,1
-7.510763811723777,-0.30475554470617316,1
-7.4951673203728015,-0.33631312637202004,1
-7.479200067405442,-0.36753933802463834,1
-7.462866012274555,-0.3984264363964032,1
-7.4461692053901505,-0.4289667623107398,1
-7.429113787115001,-0.45915274258139016,1
-7.411703986737936,-0.4889768918903674,1
-7.393944121425095,-0.5184318146441127,1
-7.375838595149386,-0.547510206807404,1
-7.357391897598413,-0.5762048577145622,1
-7.338608603061162,-0.6045086518575062,1
-7.3194933692936885,-0.632414570650206,1
-7.300050936364125,-0.6599156941691087,1
-7.2802861254772715,-0.6870052028690878,1
-7.260203837779061,-0.7136763792745189,1
-7.239809053141208,-0.7399226096450269,1
-7.219106828926334,-0.7657373856155161,1
-7.198102298733875,-0.7911143058100789,1
-7.176800671127086,-0.8160470774293591,1
-7.155207228341457,-0.8405295178110022,1
-7.133327324974859,-0.8645555559627871,1
-7.111166386659748,-0.8881192340680748,1
-7.088729908717748,-0.9112147089631857,1
-7.066023454796965,-0.9338362535863469,1
-7.0430526554923425,-0.9559782583978551,1
-7.019823206949436,-0.9776352327710849,1
-6.996340869451906,-0.9988018063540278,1
-6.972611465993133,-1.0194727304009894,1
-6.948640880832262,-1.0396428790741399,1
-6.924435058035073,-1.0593072507145873,1
-6.9,-1.0784609690826517,1
-6.875341765969706,-1.0970992845670469,1
-6.850466470528547,-1.1152175753626503,1
-6.825380282086319,-1.1328113486165967,1
-6.800089421348656,-1.1498762415423807,1
-6.774600159774465,-1.1664080225017104,1
-6.748918818020767,-1.182402592053843,1
-6.723051764375346,-1.1978559839721368,1
-6.6970054131775765,-1.2127643662275696,1
-6.670786223227854,-1.2271240419389753,1
-6.644400696185963,-1.2409314502897804,1
-6.61785537495886,-1.2541831674109836,1
-6.59115684207819,-1.2668759072301898,1
-6.564311718068007,-1.2790065222864633,1
-6.537326659803051,-1.2905720045108175,1
-6.510208358858026,-1.3015694859721365,1
-6.482963539848273,-1.31199623958834,1
-6.455598958762227,-1.3218496798026353,1
-6.428121401286134,-1.3311273632246587,1
-6.400537681121366,-1.3398269892363768,1
-6.372854638294812,-1.347946400562574,1
-6.34507913746273,-1.3554835838058028,1
-6.3172180662085005,-1.3624366699456498,1
-6.289278333334682,-1.3688039348022065,1
-6.261266867149823,-1.3745837994636134,1
-6.2331906137504145,-1.3797748306775968,1
-6.205056535298451,-1.3843757412068705,1
-6.176871608294996,-1.388385390148338,1
-6.148642821850199,-1.391802783216007,1
-6.120377175950181,-1.3946270729875465,1
-6.092081679721224,-1.3968575591144217,1
-6.063763349691697,-1.3984936884955648,1
-6.0354292080521414,-1.3995350554145274,1
-6.007086280913955,-1.3999814016400887,1
-5.978741596567109,-1.3998326164902921,1
-5.950402183737309,-1.3990887368598837,1
-5.922075069843071,-1.3977499472111723,1
-5.893767279253098,-1.3958165795282822,1
-5.8654858315444365,-1.393289113234832,1
-5.837237739761792,-1.3901681750750505,1
-5.809030008678496,-1.3864545389583598,1
-5.7808696330595,-1.3821491257674663,1
-5.752763595926866,-1.3772530031300079,1
-5.724718866828159,-1.371767385153809,1
-5.6967424001081834,-1.365693632125815,1
-5.668841133184505,-1.3590332501747788,1
-5.641021984827134,-1.3517878908977785,1
-5.613291853442873,-1.3439593509506667,1
-5.585657615364688,-1.3355495716025474,1
-5.558126123146562,-1.3265606382543935,1
-5.530704203864246,-1.3169947799219228,1
-5.503398657422324,-1.306854368682861,1
-5.4762162548680235,-1.2961419190887313,1
-5.449163736712168,-1.2848600875413108,1
-5.422247811257717,-1.2730116716339142,1
-5.39547515293628,-1.2605996094576657,1
-5.368852400653043,-1.2476269788729315,1
-5.34238615614049,-1.2340969967460902,1
-5.316082982321351,-1.2200130181518376,1
-5.289949401681181,-1.2053785355412185,1
-5.26399189465094,-1.1901971778755898,1
-5.238216898000036,-1.1744727097267353,1
-5.212630803240166,-1.1582090303433525,1
-5.1872399550404,-1.1414101726841457,1
-5.162050649653867,-1.1240803024177541,1
-5.137069133356453,-1.1062237168897822,1
-5.112301600897898,-1.0878448440571713,1
-5.087754193965648,-1.0689482413901827,1
-5.063432999661897,-1.0495385947422675,1
-5.039344048994137,-1.0296207171881018,1
-5.015493315379632,-1.009199547830069,1
-4.991886713164176,-0.9882801505734973,1
-4.968530096155479,-0.9668677128709433,1
-4.945429256171595,-0.9449675444358472,1
-4.922589921604696,-0.92258507592586,1
-4.900017756000582,-0.8997258575961862,1
-4.87771835665428,-0.8763955579232721,1
-4.855697253222058,-0.8525999621991707,1
-4.833959906350222,-0.8283449710969468,1
-4.812511706321015,-0.8036365992074628,1
-4.791357971715982,-0.7784809735479294,1
-4.770503948097092,-0.7528843320425591,1
-4.7499548067059845,-0.7268530219757317,1
-4.729715643181638,-0.7003934984180367,1
-4.709791476296788,-0.6735123226255899,1
-4.690187246713405,-0.6462161604130126,1
-4.670907815757541,-0.6185117805004898,1
-4.651957964213857,-0.5904060528353123,1
-4.633342391140101,-0.5619059468883041,1
-4.615065712701882,-0.5330185299255867,1
-4.597132461027979,-0.5037509652560814,1
-4.579547083086492,-0.474110510455203,1
-4.562313939582112,-0.44410451556517216,1
-4.545437303874787,-0.4137404212724034,1
-4.528921360920039,-0.3830257570624074,1
-4.51277020623121,-0.35196813935269233,1
-4.496987844863876,-0.3205752696040802,1
-4.481578190422711,-0.2888549324109584,1
-4.466545064091012,-0.25681499357090765,1
-4.451892193683143,-0.22446339813419014,1
-4.437623212720147,-0.1918081684335946,1
-4.4237416595287185,-0.15885740209510502,1
-4.410250976363803,-0.1256192700299148,1
-4.397154508555,-0.09210201440824761,1
-4.384455503677019,-0.05831394661552647,1
-4.372157110744361,-0.02426344519136947,1
-4.360262379430452,0.0100410462480649,1
-4.3487742593114,0.044591021103868034,1
-4.337695599134586,0.0793779119037934,1
-4.327029146112242,0.11439309242675422,1
-4.316777545240223,0.14962787984190662,1
-4.306943338642116,0.18507353686175332,1
-4.2975289649388575,0.22072127390875895,1
-4.288536758644028,0.25656225129493127,1
-4.279968949584947,0.29258758141382857,1
-4.271827662349741,0.3287883309444499,1
-4.264114915760501,0.3651555230664534,1
-4.2568326223726665,0.4016801396861793,1
-4.249982588000765,0.4383531236728899,1
-4.243566511270616,0.4751653811046974,1
-4.2375859831981195,0.5121077835236143,1
-4.232042486794724,0.549171170199168,1
-4.226937396699683,0.5863463504000181,1
-4.222271978839178,0.6236241056730067,1
-4.2180473901124,0.6609951921290997,1
-4.2142646781046755,0.6984503427356163,1
-4.210924780827691,0.735980269614209,1
-4.20802852648689,0.7735756663440094,1
-4.205576633276099,0.8112272102693723,1
-4.203569709199438,0.8489255648116469,1
-4.2020082519205495,0.8866613817843922,1
-4.200892648639191,0.9244253037114902,1
-4.200223175995221,0.9622079661475413,1
-4.9,4.2,1
-4.900448569786444,4.2284116947883295,1
-4.9017938320016565,4.256795068181407,1
-4.904034445659005,4.285121827015361,1
-4.907168177266068,4.313363734560946,1
-4.911191903051028,4.341492638670526,1
-4.916101612076518,4.369480499840746,1
-4.921892410237803,4.397299419162922,1
-4.9285585251413435,4.424921666133278,1
-4.936093311858828,4.452319706295313,1
-4.944489259550995,4.479466228686752,1
-4.953737998954592,4.506334173063702,1
-4.963830310725043,4.532896756874893,1
-4.974756134626491,4.559127501959107,1
-4.986504579560059,4.585000260939189,1
-4.999063934420338,4.610489243286315,1
-5.012421679769266,4.635569041028555,1
-5.0265645003157795,4.660214654078095,1
-5.0414782981887845,4.68440151515186,1
-5.057148206990221,4.708105514260726,1
-5.073558606614213,4.731303022742876,1
-5.090693138817526,4.753970916817361,1
-5.1085347235258265,4.776086600634397,1
-5.127065575859461,4.797628028799388,1
-5.146267223861824,4.818573728348266,1
-5.166120526912595,4.8389028201521995,1
-5.186605694807529,4.858595039730369,1
-5.207702307485766,4.8776307574500395,1
-5.229389335384985,4.895990998093805,1
-5.251645160404135,4.913657459774501,1
-5.274447597452824,4.930612532178919,1
-5.2977739165659035,4.946839314122153,1
-5.321600865561189,4.962321630395069,1
-5.34590469321774,4.977044047888102,1
-5.3706611729516,4.990991890975314,1
-5.395845626965372,5.004151256143387,1
-5.421432950847594,5.016509025850933,1
-5.447397638597356,5.028052881604357,1
-5.473713808049238,5.038771316237192,1
-5.500355226673215,5.048653645380694,1
-5.527295337723815,5.057690018114256,1
-5.554507286712457,5.065871426785017,1
-5.581963948176595,5.073189715986888,1
-5.609637952718963,5.079637590690037,1
-5.6375017142899875,5.085208623512733,1
-5.665527457686165,5.089897261128303,1
-5.6936872462369825,5.093698829800803,1
-5.721953009652804,5.096609540043906,1
-5.750296572005943,5.098626490398342,1
-5.778689679817038,5.09974767032413,1
-5.807104030218742,5.099971962204741,1
-5.835511299168627,5.099299142461149,1
-5.8638831696832145,5.097729881774705,1
-5.892191360064952,5.095265744418591,1
-5.920407652094031,5.091909186698513,1
-5.948503919156919,5.087663554504203,1
-5.97645215428358,5.082533079974164,1
-6.004224498065431,5.076522877276984,1
-6.031793266426207,5.06963893751342,1
-6.05913097821805,5.061888122744337,1
-6.086210382615314,5.053278159150459,1
-6.1130044862787845,5.043817629330743,1
-6.139486580263219,5.033515963747057,1
-6.1656302666414105,5.022383431323693,1
-6.191409484818213,5.010431129211076,1
-6.216798537508313,4.997670971723888,1
-6.241772116351834,4.9841156784646135,1
-6.26630532714227,4.9697787616443705,1
-6.2903737146415635,4.954674512613639,1
-6.313953286957625,4.9388179876163365,1
-6.33702053945997,4.922224992781421,1
-6.359552478209645,4.904912068367002,1
-6.381526642880089,4.886896472272651,1
-6.40292112914607,4.868196162836355,1
-6.423714610518399,4.8488297809332455,1
-6.443886359602634,4.828816631393976,1
-6.463416268760601,4.808176663761248,1
-6.482284870154121,4.786930452403668,1
-6.5004733551509775,4.765099176006773,1
-6.517963593073768,4.742704596461653,1
-6.534738149272959,4.71976903717223,1
-6.5507803025061255,4.696315360802797,1
-6.566074061606045,4.672366946488022,1
-6.580604181421043,4.647947666528115,1
-6.594356178011692,4.623081862592403,1
-6.607316343088717,4.597794321455021,1
-6.619471757677716,4.57211025028692,1
-6.630810304997074,4.54605525152881,1
-6.6413206825362385,4.519655297370086,1
-6.6509924133223,4.492936703859191,1
-6.659815856363675,4.465926104671203,1
-6.66778221626045,4.438650424558811,1
-6.674883551971831,4.411136852513132,1
-6.681112784731943,4.3834128146611375,1
-6.6864637051060996,4.35550594692669,1
-6.690930979180502,4.327444067482457,1
-6.6945101538791985,4.299255149020148,1
-6.697197661403014,4.270967290866729,1
-6.6989908227859996,4.242608690974403,1
-6.699887850565892,4.214207617812273,1
-6.699887850565892,4.185792382187727,1
-6.6989908227859996,4.1573913090255985,1
-6.697197661403013,4.129032709133272,1
-6.6945101538791985,4.1007448509798525,1
-6.690930979180502,4.0725559325175436,1
-6.6864637051060996,4.0444940530733104,1
-6.681112784731943,4.016587185338864,1
-6.674883551971831,3.9888631474868683,1
-6.66778221626045,3.961349575441189,1
-6.659815856363675,3.9340738953287975,1
-6.6509924133223,3.9070632961408096,1
-6.6413206825362385,3.8803447026299143,1
-6.630810304997075,3.85394474847119,1
-6.619471757677716,3.8278897497130795,1
-6.607316343088717,3.802205678544979,1
-6.594356178011692,3.7769181374075975,1
-6.580604181421043,3.7520523334718856,1
-6.566074061606045,3.727633053511979,1
-6.550780302506126,3.7036846391972036,1
-6.534738149272959,3.6802309628277707,1
-6.517963593073768,3.657295403538347,1
-6.500473355150977,3.6349008239932274,1
-6.482284870154121,3.613069547596332,1
-6.463416268760601,3.591823336238752,1
-6.443886359602635,3.5711833686060244,1
-6.423714610518399,3.5511702190667553,1
-6.40292112914607,3.531803837163645,1
-6.381526642880089,3.5131035277273486,1
-6.359552478209646,3.4950879316329986,1
-6.33702053945997,3.47777500721858,1
-6.313953286957625,3.461182012383664,1
-6.2903737146415635,3.4453254873863606,1
-6.26630532714227,3.43022123835563,1
-6.241772116351834,3.415884321535387,1
-6.216798537508312,3.4023290282761125,1
-6.191409484818214,3.3895688707889238,1
-6.16563026664141,3.377616568676307,1
-6.139486580263219,3.3664840362529436,1
-6.1130044862787845,3.3561823706692575,1
-6.086210382615314,3.3467218408495416,1
-6.05913097821805,3.3381118772556633,1
-6.031793266426207,3.3303610624865803,1
-6.004224498065431,3.323477122723016,1
-5.976452154283581,3.3174669200258364,1
-5.948503919156919,3.3123364454957978,1
-5.920407652094031,3.3080908133014875,1
-5.892191360064952,3.304734255581409,1
-5.8638831696832145,3.3022701182252954,1
-5.835511299168627,3.3007008575388523,1
-5.807104030218742,3.3000280377952596,1
-5.778689679817038,3.3002523296758697,1
-5.750296572005943,3.301373509601659,1
-5.721953009652805,3.303390459956094,1
-5.6936872462369825,3.3063011701991973,1
-5.665527457686165,3.3101027388716977,1
-5.637501714289988,3.314791376487267,1
-5.609637952718963,3.3203624093099635,1
-5.581963948176595,3.3268102840131126,1
-5.554507286712457,3.3341285732149837,1
-5.527295337723815,3.3423099818857445,1
-5.500355226673215,3.3513463546193067,1
-5.473713808049237,3.3612286837628087,1
-5.447397638597357,3.371947118395643,1
-5.421432950847594,3.3834909741490673,1
-5.3958456269653725,3.3958487438566136,1
-5.3706611729516,3.4090081090246858,1
-5.34590469321774,3.4229559521118995,1
-5.321600865561189,3.437678369604931,1
-5.2977739165659035,3.453160685877847,1
-5.274447597452824,3.469387467821081,1
-5.251645160404135,3.4863425402254995,1
-5.229389335384985,3.504009001906195,1
-5.207702307485766,3.522369242549961,1
-5.186605694807529,3.541404960269631,1
-5.166120526912595,3.5610971798478004,1
-5.146267223861825,3.5814262716517344,1
-5.127065575859462,3.6023719712006117,1
-5.1085347235258265,3.6239133993656036,1
-5.090693138817526,3.646029083182639,1
-5.073558606614213,3.6686969772571243,1
-5.057148206990221,3.691894485739274,1
-5.0414782981887845,3.7155984848481403,1
-5.0265645003157795,3.739785345921906,1
-5.012421679769266,3.7644309589714453,1
-4.999063934420338,3.7895107567136854,1
-4.986504579560059,3.8149997390608115,1
-4.974756134626491,3.840872498040893,1
-4.963830310725043,3.867103243125108,1
-4.953737998954592,3.893665826936299,1
-4.944489259550996,3.9205337713132478,1
-4.936093311858828,3.9476802937046873,1
-4.9285585251413435,3.975078333866722,1
-4.921892410237803,4.002700580837078,1
-4.916101612076518,4.030519500159254,1
-4.911191903051028,4.058507361329474,1
-4.907168177266068,4.086636265439054,1
-4.904034445659005,4.114878172984639,1
-4.9017938320016565,4.143204931818594,1
-4.900448569786444,4.171588305211671,1
-5.1,5.0,1
-5.108163265306122,5.012244897959183,1
-5.116326530612245,5.024489795918367,1
-5.124489795918367,5.036734693877551,1
-5.13265306122449,5.048979591836735,1
-5.140816326530612,5.061224489795919,1
-5.148979591836735,5.073469387755102,1
-5.1571428571428575,5.085714285714285,1
-5.16530612244898,5.097959183673469,1
-5.173469387755102,5.110204081632653,1
-5.181632653061224,5.122448979591837,1
-5.189795918367347,5.134693877551021,1
-5.197959183673469,5.146938775510204,1
-5.206122448979592,5.159183673469387,1
-5.214285714285714,5.171428571428571,1
-5.222448979591837,5.183673469387755,1
-5.2306122448979595,5.195918367346939,1
-5.238775510204082,5.208163265306123,1
-5.246938775510204,5.220408163265306,1
-5.255102040816326,5.2326530612244895,1
-5.263265306122449,5.244897959183673,1
-5.271428571428571,5.257142857142857,1
-5.279591836734694,5.269387755102041,1
-5.2877551020408164,5.281632653061225,1
-5.295918367346939,5.293877551020408,1
-5.3040816326530615,5.3061224489795915,1
-5.312244897959184,5.318367346938775,1
-5.320408163265306,5.330612244897959,1
-5.328571428571428,5.342857142857143,1
-5.336734693877551,5.355102040816327,1
-5.344897959183673,5.36734693877551,1
-5.353061224489796,5.3795918367346935,1
-5.3612244897959185,5.391836734693878,1
-5.369387755102041,5.404081632653061,1
-5.377551020408164,5.4163265306122454,1
-5.385714285714286,5.428571428571429,1
-5.393877551020408,5.440816326530612,1
-5.40204081632653,5.453061224489796,1
-5.410204081632653,5.46530612244898,1
-5.418367346938775,5.477551020408163,1
-5.426530612244898,5.4897959183673475,1
-5.4346938775510205,5.502040816326531,1
-5.442857142857143,5.514285714285714,1
-5.451020408163266,5.526530612244898,1
-5.459183673469388,5.538775510204082,1
-5.46734693877551,5.551020408163265,1
-5.475510204081632,5.5632653061224495,1
-5.483673469387755,5.575510204081633,1
-5.4918367346938775,5.587755102040816,1
-5.5,5.6,1
-5.5081632653061225,5.587755102040816,1
-5.516326530612245,5.575510204081633,1
-5.524489795918368,5.5632653061224495,1
-5.53265306122449,5.551020408163265,1
-5.540816326530612,5.538775510204082,1
-5.548979591836734,5.526530612244898,1
-5.557142857142857,5.514285714285714,1
-5.5653061224489795,5.502040816326531,1
-5.573469387755102,5.4897959183673475,1
-5.581632653061225,5.477551020408163,1
-5.589795918367347,5.46530612244898,1
-5.59795918367347,5.453061224489796,1
-5.606122448979592,5.440816326530612,1
-5.614285714285714,5.428571428571429,1
-5.622448979591836,5.4163265306122454,1
-5.630612244897959,5.404081632653061,1
-5.6387755102040815,5.391836734693878,1
-5.646938775510204,5.3795918367346935,1
-5.655102040816327,5.36734693877551,1
-5.663265306122449,5.355102040816327,1
-5.671428571428572,5.342857142857143,1
-5.679591836734694,5.330612244897959,1
-5.687755102040816,5.318367346938776,1
-5.6959183673469385,5.3061224489795915,1
-5.704081632653061,5.293877551020408,1
-5.7122448979591836,5.281632653061225,1
-5.720408163265306,5.269387755102041,1
-5.728571428571429,5.257142857142857,1
-5.736734693877551,5.244897959183674,1
-5.744897959183674,5.2326530612244895,1
-5.753061224489796,5.220408163265306,1
-5.761224489795918,5.208163265306123,1
-5.7693877551020405,5.195918367346939,1
-5.777551020408163,5.183673469387755,1
-5.785714285714286,5.171428571428572,1
-5.793877551020408,5.159183673469387,1
-5.802040816326531,5.146938775510204,1
-5.810204081632653,5.134693877551021,1
-5.818367346938776,5.122448979591837,1
-5.826530612244898,5.110204081632653,1
-5.83469387755102,5.09795918367347,1
-5.8428571428571425,5.085714285714285,1
-5.851020408163265,5.073469387755102,1
-5.859183673469388,5.061224489795919,1
-5.86734693877551,5.048979591836735,1
-5.875510204081633,5.036734693877551,1
-5.883673469387755,5.024489795918368,1
-5.891836734693878,5.012244897959183,1
-5.9,5.0,1
-5.883673469387755,5.0,1
-5.86734693877551,5.0,1
-5.851020408163265,5.0,1
-5.83469387755102,5.0,1
-5.818367346938776,5.0,1
-5.802040816326531,5.0,1
-5.785714285714286,5.0,1
-5.7693877551020405,5.0,1
-5.753061224489796,5.0,1
-5.736734693877551,5.0,1
-5.720408163265306,5.0,1
-5.704081632653061,5.0,1
-5.687755102040816,5.0,1
-5.671428571428572,5.0,1
-5.655102040816327,5.0,1
-5.6387755102040815,5.0,1
-5.622448979591836,5.0,1
-5.606122448979592,5.0,1
-5.589795918367347,5.0,1
-5.573469387755102,5.0,1
-5.557142857142857,5.0,1
-5.540816326530612,5.0,1
-5.524489795918368,5.0,1
-5.5081632653061225,5.0,1
-5.4918367346938775,5.0,1
-5.475510204081632,5.0,1
-5.459183673469388,5.0,1
-5.442857142857143,5.0,1
-5.426530612244898,5.0,1
-5.410204081632653,5.0,1
-5.393877551020408,5.0,1
-5.377551020408164,5.0,1
-5.3612244897959185,5.0,1
-5.344897959183673,5.0,1
-5.328571428571428,5.0,1
-5.312244897959184,5.0,1
-5.295918367346939,5.0,1
-5.279591836734694,5.0,1
-5.263265306122449,5.0,1
-5.246938775510204,5.0,1
-5.2306122448979595,5.0,1
-5.214285714285714,5.0,1
-5.197959183673469,5.0,1
-5.181632653061224,5.0,1
-5.16530612244898,5.0,1
-5.148979591836735,5.0,1
-5.13265306122449,5.0,1
-5.116326530612245,5.0,1
-5.908163265306122,5.012244897959183,1
-5.916326530612245,5.024489795918367,1
-5.924489795918367,5.036734693877551,1
-5.93265306122449,5.048979591836735,1
-5.940816326530612,5.061224489795919,1
-5.948979591836735,5.073469387755102,1
-5.957142857142857,5.085714285714285,1
-5.96530612244898,5.097959183673469,1
-5.973469387755102,5.110204081632653,1
-5.981632653061224,5.122448979591837,1
-5.989795918367347,5.134693877551021,1
-5.997959183673469,5.146938775510204,1
-6.006122448979592,5.159183673469387,1
-6.014285714285714,5.171428571428571,1
-6.022448979591837,5.183673469387755,1
-6.030612244897959,5.195918367346939,1
-6.038775510204082,5.208163265306123,1
-6.046938775510204,5.220408163265306,1
-6.055102040816326,5.2326530612244895,1
-6.063265306122449,5.244897959183673,1
-6.071428571428571,5.257142857142857,1
-6.079591836734694,5.269387755102041,1
-6.087755102040816,5.281632653061225,1
-6.095918367346939,5.293877551020408,1
-6.104081632653061,5.3061224489795915,1
-6.112244897959184,5.318367346938775,1
-6.1204081632653065,5.330612244897959,1
-6.128571428571428,5.342857142857143,1
-6.136734693877551,5.355102040816327,1
-6.144897959183673,5.36734693877551,1
-6.153061224489796,5.3795918367346935,1
-6.161224489795918,5.391836734693878,1
-6.169387755102041,5.404081632653061,1
-6.177551020408163,5.4163265306122454,1
-6.185714285714286,5.428571428571429,1
-6.1938775510204085,5.440816326530612,1
-6.202040816326531,5.453061224489796,1
-6.210204081632653,5.46530612244898,1
-6.218367346938775,5.477551020408163,1
-6.226530612244898,5.4897959183673475,1
-6.23469387755102,5.502040816326531,1
-6.242857142857143,5.514285714285714,1
-6.251020408163265,5.526530612244898,1
-6.259183673469388,5.538775510204082,1
-6.2673469387755105,5.551020408163265,1
-6.275510204081632,5.5632653061224495,1
-6.283673469387755,5.575510204081633,1
-6.291836734693877,5.587755102040816,1
-6.3,5.6,1
-6.308163265306122,5.587755102040816,1
-6.316326530612245,5.575510204081633,1
-6.3244897959183675,5.5632653061224495,1
-6.33265306122449,5.551020408163265,1
-6.340816326530613,5.538775510204082,1
-6.348979591836734,5.526530612244898,1
-6.357142857142857,5.514285714285714,1
-6.365306122448979,5.502040816326531,1
-6.373469387755102,5.4897959183673475,1
-6.381632653061224,5.477551020408163,1
-6.389795918367347,5.46530612244898,1
-6.3979591836734695,5.453061224489796,1
-6.406122448979592,5.440816326530612,1
-6.414285714285715,5.428571428571429,1
-6.422448979591836,5.4163265306122454,1
-6.430612244897959,5.404081632653061,1
-6.438775510204081,5.391836734693878,1
-6.446938775510204,5.3795918367346935,1
-6.455102040816326,5.36734693877551,1
-6.463265306122449,5.355102040816327,1
-6.4714285714285715,5.342857142857143,1
-6.479591836734694,5.330612244897959,1
-6.487755102040817,5.318367346938776,1
-6.495918367346938,5.3061224489795915,1
-6.504081632653061,5.293877551020408,1
-6.512244897959183,5.281632653061225,1
-6.520408163265306,5.269387755102041,1
-6.5285714285714285,5.257142857142857,1
-6.536734693877551,5.244897959183674,1
-6.544897959183674,5.2326530612244895,1
-6.553061224489796,5.220408163265306,1
-6.561224489795919,5.208163265306123,1
-6.56938775510204,5.195918367346939,1
-6.577551020408164,5.183673469387755,1
-6.585714285714285,5.171428571428572,1
-6.593877551020408,5.159183673469387,1
-6.6020408163265305,5.146938775510204,1
-6.610204081632653,5.134693877551021,1
-6.618367346938776,5.122448979591837,1
-6.626530612244898,5.110204081632653,1
-6.634693877551021,5.09795918367347,1
-6.642857142857142,5.085714285714285,1
-6.651020408163265,5.073469387755102,1
-6.659183673469387,5.061224489795919,1
-6.66734693877551,5.048979591836735,1
-6.6755102040816325,5.036734693877551,1
-6.683673469387755,5.024489795918368,1
-6.691836734693878,5.012244897959183,1
-6.7,5.0,1
-6.683673469387755,5.0,1
-6.66734693877551,5.0,1
-6.651020408163265,5.0,1
-6.634693877551021,5.0,1
-6.618367346938776,5.0,1
-6.6020408163265305,5.0,1
-6.585714285714285,5.0,1
-6.56938775510204,5.0,1
-6.553061224489796,5.0,1
-6.536734693877551,5.0,1
-6.520408163265306,5.0,1
-6.504081632653061,5.0,1
-6.487755102040817,5.0,1
-6.4714285714285715,5.0,1
-6.455102040816326,5.0,1
-6.438775510204081,5.0,1
-6.422448979591836,5.0,1
-6.406122448979592,5.0,1
-6.389795918367347,5.0,1
-6.373469387755102,5.0,1
-6.357142857142857,5.0,1
-6.340816326530613,5.0,1
-6.3244897959183675,5.0,1
-6.308163265306122,5.0,1
-6.291836734693877,5.0,1
-6.275510204081633,5.0,1
-6.259183673469388,5.0,1
-6.242857142857143,5.0,1
-6.226530612244898,5.0,1
-6.210204081632654,5.0,1
-6.1938775510204085,5.0,1
-6.177551020408163,5.0,1
-6.161224489795918,5.0,1
-6.144897959183673,5.0,1
-6.128571428571429,5.0,1
-6.112244897959184,5.0,1
-6.095918367346939,5.0,1
-6.079591836734694,5.0,1
-6.0632653061224495,5.0,1
-6.046938775510204,5.0,1
-6.030612244897959,5.0,1
-6.014285714285714,5.0,1
-5.997959183673469,5.0,1
-5.981632653061225,5.0,1
-5.96530612244898,5.0,1
-5.948979591836735,5.0,1
-5.93265306122449,5.0,1
-5.916326530612245,5.0,1
-7.4,1.0,1
-7.3938839429762515,1.0072272575290913,1
-7.3883868579257825,1.0144445683105934,1
-7.383507786373336,1.021641995863479,1
-7.3792451319593955,1.0288096242292473,1
-7.375596662087882,1.0359375682067062,1
-7.372559510230525,1.04301598355501,1
-7.370130178885563,1.050035077154417,1
-7.368304543187697,1.0569851171142841,1
-7.367077855165581,1.0638564428178647,1
-7.3664447486424525,1.0706394748935377,1
-7.366399244774847,1.077324725102181,1
-7.366934758223677,1.0839028061304847,1
-7.368044103951307,1.090364441280089,1
-7.369719504637608,1.0967004740425534,1
-7.37195259870734,1.102901877550271,1
-7.374734448960573,1.108959763893574,1
-7.378055551797241,1.1148653932944117,1
-7.38190584702631,1.1206101831271376,1
-7.386274728249428,1.1261857167770863,1
-7.391151053808349,1.1315837523278063,1
-7.396523158284822,1.1367962310679753,1
-7.4023788645410855,1.14181528580922,1
-7.408705496288533,1.1466332490062552,1
-7.415489891171576,1.151242660670961,1
-7.4227184143532,1.1556362760722285,1
-7.430376972588208,1.1598070732136299,1
-7.438451028769587,1.163748260081188,1
-7.446925616933033,1.1674532816537728,1
-7.455785357704102,1.1709158266688837,1
-7.465014474172077,1.1741298341368351,1
-7.4745968081741445,1.1770894995966232,1
-7.484515836973089,1.1797892811070159,1
-7.494754690311272,1.1822239049666807,1
-7.50529616782332,1.1843883711574517,1
-7.516122756789525,1.186277958505109,1
-7.52721665021164,1.1878882295523525,1
-7.538559765192426,1.1892150351389352,1
-7.550133761599954,1.1902545186842286,1
-7.561920060997428,1.191003120167804,1
-7.573899865818961,1.1914575798039162,1
-7.586054178771537,1.1916149414060997,1
-7.598363822443111,1.1914725554384045,1
-7.6108094590966315,1.1910280817501224,1
-7.623371610629533,1.1902794919911779,1
-7.636030678678112,1.1892250717056971,1
-7.648766964846027,1.1878634221015867,1
-7.661560691036054,1.1861934614943004,1
-7.674392019864099,1.1842144264233039,1
-7.687241075134404,1.1819258724400816,1
-7.7000879623548215,1.1793276745668757,1
-7.712912789270959,1.1764200274256824,1
-7.7256956863980255,1.1732034450373718,1
-7.738416827529173,1.1696787602911405,1
-7.751056450199166,1.1658471240848427,1
-7.763594876082262,1.1617100041370878,1
-7.776012531303251,1.1572691834723305,1
-7.788289966640674,1.152526758580518,1
-7.800407877601395,1.1474851372531925,1
-7.812347124345784,1.1421470360982822,1
-7.82408875144295,1.136515477736147,1
-7.835614007435637,1.130593787679775,1
-7.846904364194596,1.1243855909023424,1
-7.857941536042436,1.1178948080956908,1
-7.868707498627238,1.1111256516235737,1
-7.879184507526436,1.1040826211738533,1
-7.88935511656177,1.096770499114137,1
-7.899202195806399,1.0891943455556443,1
-7.908708949265612,1.081359493130399,1
-7.9178589322128445,1.0732715414871388,1
-7.926636068163155,1.0649363515116241,1
-7.93502466546661,1.0563600392773096,1
-7.943009433504457,1.0475489697326208,1
-7.950575498471384,1.0385097501313583,1
-7.957708418727547,1.0292492232130028,1
-7.964394199704559,1.0197744601399628,1
-7.97061930835001,1.0100927531990558,1
-7.976370687095645,1.0002116082747565,1
-7.9816357673347715,0.9901387371019776,1
-7.986402482394976,0.979882049306382,1
-7.990659279992773,0.9694496442404426,1
-7.9943951341573225,0.9588498026236743,1
-7.997599556610919,0.948090977995667,1
-8.000262607594491,0.9371817879907436,1
-8.002374906126953,0.926131005443245,1
-8.003927639687802,0.9149475493326269,1
-8.004912573312996,0.903640475577711,1
-8.005322058094686,0.8922189676895955,1
-8.005149039076052,0.8806923272928697,1
-8.004387062533105,0.8690699645249169,1
-8.003030282635912,0.8573613883232181,1
-8.001073467482382,0.8455761966106752,1
-7.998512004498384,0.8337240663890917,1
-7.995341905198639,0.8218147437510286,1
-7.991559809303439,0.8098580338203492,1
-7.987162988206963,0.7978637906318358,1
-7.982149347793625,0.7858419069603213,1
-7.976517430599513,0.7738023041098354,1
-7.9702664173167195,0.7617549216733048,1
-7.963396127638989,0.7497097072733772,1
-7.955907020447823,0.7376766062949547,1
-7.947800193338844,0.7256655516200397,1
-7.939077381488907,0.7136864533754848,1
-7.929740955865139,0.7017491887042298,1
-7.919793920777728,0.6898635915705802,1
-7.90923991077903,0.6780394426100589,1
-7.898083186912144,0.6662864590342947,1
-7.886328632312869,0.6546142846013772,1
-7.87398174716957,0.6430324796620279,1
-7.861048643046132,0.6315505112918585,1
-7.847536036573901,0.6201777435199025,1
-7.833451242519095,0.6089234276635107,1
-7.818802166232845,0.5977966927795775,1
-7.80359729549167,0.5868065362419617,1
-7.787845691736793,0.575961814454824,1
-7.771556980721355,0.5652712337114649,1
-7.754741342575164,0.5547433412081026,1
-7.737409501297249,0.5443865162218608,1
-7.7195727136870556,0.5342089614620769,1
-7.701242757725715,0.5242186946038527,1
-7.682431920419363,0.5144235400125914,1
-7.6631529851170805,0.5048311206680578,1
-7.643419218316523,0.49544885029629904,1
-7.623244355970869,0.4862839257175484,1
-7.602642589311225,0.47734331941800967,1
-7.581628550199104,0.46863377235318393,1
-7.560217296024112,0.46016178699017773,1
-7.538424294162427,0.4519336205961637,1
-7.516265406012103,0.443955278779925,1
-7.493756870621686,0.43623250929315116,1
-7.47091528792904,0.42877079609788193,1
-7.447757601627678,0.42157535370621857,1
-7.424301081678278,0.4146511217981552,1
-7.400563306483457,0.4080027601230729,1
-7.3765621447441685,0.401634643690167,1
-7.35231573701648,0.39555085825277114,1
-7.327842476987751,0.38975519609123577,1
-7.303160992491538,0.38425115209871463,1
-7.278290126280829,0.37904192017390415,1
-7.253248916579443,0.374130389924451,1
-7.228056577431683,0.36951914368443517,1
-7.202732478870509,0.3652104538490093,1
-7.1772961269246975,0.3612062805289382,1
-7.151767143485659,0.3575082695274656,1
-7.126165246054637,0.35411775064159534,1
-7.100510227391248,0.35103573628953666,1
-7.074821935084323,0.3482629204657337,1
-7.049120251066176,0.34579967802455913,1
-7.023425071091408,0.3436460642934056,1
-6.997756284201456,0.3418018150155795,1
-6.972133752196063,0.3402663466230553,1
-6.946577289132875,0.339038756838806,1
-6.921106640876305,0.33811782560809056,1
-6.895741464716783,0.3375020163577376,1
-6.870501309081447,0.33718947758212203,1
-6.845405593357162,0.33717804475420254,1
-6.820473587846768,0.3374652425596434,1
-6.795724393879174,0.3380482874517172,1
-6.771176924093874,0.3389240905243487,1
-6.746849882920222,0.34008926070033896,1
-6.722761747271599,0.34154010823147263,1
-6.698930747474421,0.3432726485069033,1
-6.675374848451662,0.3452826061658787,1
-6.652111731180308,0.3475654195105662,1
-6.6291587744418905,0.35011624521442086,1
-6.606533036884936,0.35292996332123705,1
-6.584251239417831,0.356001182529726,1
-6.562329747950298,0.3593242457581609,1
-6.540784556501273,0.36289323598334855,1
-6.519631270690644,0.3667019823479003,1
-6.498885091631862,0.370744066529499,1
-6.478560800242077,0.37501282936558744,1
-6.458672741985975,0.37950137772663983,1
-6.439234812069066,0.38420259163092374,1
-6.4202604410957145,0.3891091315934081,1
-6.401762581206704,0.3942134462012328,1
-6.383753692710652,0.3995077799079165,1
-6.366245731223068,0.40498418103826817,1
-6.349250135326336,0.41063450999572604,1
-6.33277781476335,0.4164504476636659,1
-6.316839139176996,0.4224235039919979,1
-6.301443927407092,0.4285450267601949,1
-6.286601437355858,0.4348062105077033,1
-6.272320356432336,0.4411981056225236,1
-6.258608792585664,0.44771162757857597,1
-6.245474265936438,0.4543375663123157,1
-6.232923701014789,0.4610665957289273,1
-6.220963419613225,0.46788928332827573,1
-6.209599134261565,0.4747960999406866,1
-6.198835942330743,0.48177742956250436,1
-6.188678320771538,0.48882357928127496,1
-6.1791301214936825,0.4959247892803109,1
-6.170194567390101,0.5030712429123119,1
-6.161874249010393,0.510253076831644,1
-6.154171121886992,0.5174603911748155,1
-6.1470865045167535,0.5246832597786493,1
-6.14062107700007,0.5319117404255969,1
-6.134774880338901,0.5391358851056247,1
-6.129547316394452,0.5463457502840792,1
-6.124937148504545,0.5535314071649315,1
-6.120942502760048,0.5606829519388108,1
-6.117560869939026,0.567790516005247,1
-6.114789108096649,0.5748442761585724,1
-6.112623445808153,0.5818344647269702,1
-6.111059486061532,0.5887513796542012,1
-6.110092210795918,0.5955853945136071,1
-6.109715986080993,0.6023269684440531,1
-6.10992456793206,0.6089666559975506,1
-6.110711108754788,0.615495116888404,1
-6.11206816441298,0.6219031256338079,1
-6.113987701912051,0.6281815810759563,1
-6.116461107690309,0.6343215157758246,1
-6.119479196509463,0.6403141052689358,1
-6.123032220935192,0.6461506771735555,1
-6.127109881397986,0.6518227201419122,1
-6.131701336823868,0.657321892645208,1
-6.136795215824044,0.6626400315833494,1
-6.14237962843191,0.6677691607105127,1
-6.1484421783753085,0.6727014988678457,1
-6.154969975871379,0.6774294680148136,1
-6.161949650930773,0.6819457010508909,1
-6.169367367157537,0.6862430494195362,1
-6.177208836030368,0.6903145904865902,1
-6.185459331650564,0.6941536346854948,1
-6.194103705941387,0.6977537324219429,1
-6.203126404283199,0.7011086807308471,1
-6.212511481568197,0.7042125296787445,1
-6.222242618658202,0.7070595885050368,1
-6.232303139228499,0.7096444314957244,1
-6.242676026980346,0.7119619035835696,1
-6.253343943204401,0.7140071256689151,1
-6.264289244676903,0.7157754996556576,1
-6.275494001870184,0.7172627131971858,1
-6.2869400174586705,0.7184647441473797,1
-6.298608845101301,0.7193778647120803,1
-6.310481808480972,0.7199986452967402,1
-6.322540020581339,0.7203239580462908,1
-6.334764403181107,0.7203509800735639,1
-6.347135706545663,0.7200771963729453,1
-6.3596345292957395,0.7195004024162404,1
-6.372241338432603,0.7186187064280871,1
-6.384936489499085,0.7174305313385547,1
-6.397700246855664,0.7159346164109222,1
-6.410512804050657,0.7141300185429498,1
-6.423354304263497,0.7120161132403044,1
-6.4362048608000055,0.7095925952611348,1
-6.4490445776184995,0.7068594789311256,1
-6.461853569865535,0.7038170981287122,1
-6.474611984400116,0.7004661059404671,1
-6.4873000202851685,0.6968074739870147,1
-2.2,-2.0,2
-2.200223175995221,-1.9622079661475416,2
-2.200892648639191,-1.9244253037114902,2
-2.202008251920549,-1.886661381784392,2
-2.2035697091994377,-1.8489255648116463,2
-2.205576633276099,-1.8112272102693734,2
-2.20802852648689,-1.7735756663440105,2
-2.210924780827691,-1.7359802696142097,2
-2.2142646781046755,-1.6984503427356166,2
-2.218047390112399,-1.6609951921290997,2
-2.2222719788391774,-1.6236241056730065,2
-2.2269373966996833,-1.5863463504000177,2
-2.2320424867947244,-1.5491711701991693,2
-2.2375859831981186,-1.5121077835236154,2
-2.2435665112706156,-1.475165381104698,2
-2.2499825880007647,-1.4383531236728901,2
-2.2568326223726665,-1.4016801396861793,2
-2.2641149157605014,-1.365155523066453,2
-2.271827662349741,-1.3287883309444495,2
-2.2799689495849464,-1.2925875814138297,2
-2.2885367586440273,-1.2565622512949322,2
-2.2975289649388575,-1.2207212739087596,2
-2.3069433386421156,-1.1850735368617538,2
-2.3167775452402233,-1.1496278798419066,2
-2.327029146112242,-1.114393092426754,2
-2.3376955991345856,-1.079377911903793,2
-2.3487742593113996,-1.0445910211038691,2
-2.360262379430451,-1.010041046248066,2
-2.372157110744361,-0.9757365548086312,2
-2.3844555036770183,-0.9416860533844738,2
-2.3971545085550003,-0.9078979855917522,2
-2.4102509763638027,-0.874380729970085,2
-2.423741659528719,-0.8411425979048945,2
-2.4376232127201467,-0.8081918315664065,2
-2.4518921936831433,-0.7755366018658107,2
-2.4665450640910116,-0.7431850064290935,2
-2.481578190422711,-0.7111450675890418,2
-2.4969878448638756,-0.67942473039592,2
-2.512770206231209,-0.6480318606473074,2
-2.528921360920039,-0.6169742429375922,2
-2.545437303874787,-0.5862595787275979,2
-2.5623139395821113,-0.5558954844348285,2
-2.5795470830864913,-0.5258894895447976,2
-2.5971324610279787,-0.4962490347439188,2
-2.615065712701882,-0.46698147007441326,2
-2.6333423911401,-0.43809405311169525,2
-2.651957964213856,-0.4095939471646872,2
-2.670907815757542,-0.38148821949950995,2
-2.6901872467134043,-0.35378383958698834,2
-2.7097914762967874,-0.3264876773744112,2
-2.7297156431816374,-0.2996065015819638,2
-2.749954806705984,-0.27314697802426857,2
-2.770503948097092,-0.2471156679574409,2
-2.791357971715982,-0.2215190264520701,2
-2.812511706321015,-0.19636340079253656,2
-2.8339599063502208,-0.17165502890305406,2
-2.8556972532220577,-0.14740003780082978,2
-2.8777183566542797,-0.12360444207672838,2
-2.900017756000582,-0.10027414240381383,2
-2.922589921604696,-0.07741492407414019,2
-2.945429256171596,-0.055032455564152594,2
-2.9685300961554786,-0.03313228712905669,2
-2.9918867131641744,-0.011719849426503393,2
-3.015493315379632,0.0091995478300686,2
-3.0393440489941357,0.02962071718810133,2
-3.0634329996618965,0.04953859474226752,2
-3.0877541939656483,0.06894824139018274,2
-3.112301600897898,0.08784484405717174,2
-3.137069133356454,0.10622371688978216,2
-3.1620506496538665,0.12408030241775414,2
-3.187239955040399,0.14141017268414524,2
-3.2126308032401654,0.15820903034335254,2
-3.2382168980000348,0.17447270972673445,2
-3.26399189465094,0.19019717787558976,2
-3.2899494016811808,0.205378535541219,2
-3.316082982321352,0.22001301815183805,2
-3.342386156140489,0.2340969967460902,2
-3.368852400653042,0.2476269788729315,2
-3.3954751529362794,0.2605996094576657,2
-3.4222478112577157,0.27301167163391415,2
-3.449163736712168,0.28486008754131076,2
-3.476216254868024,0.2961419190887318,2
-3.5033986574223244,0.3068543686828611,2
-3.5307042038642455,0.3169947799219224,2
-3.558126123146561,0.3265606382543935,2
-3.5856576153646875,0.3355495716025474,2
-3.6132918534428726,0.34395935095066665,2
-3.641021984827134,0.3517878908977785,2
-3.6688411331845048,0.35903325017477883,2
-3.6967424001081843,0.36569363212581507,2
-3.7247188668281574,0.3717673851538086,2
-3.752763595926865,0.37725300313000787,2
-3.7808696330595,0.3821491257674663,2
-3.809030008678495,0.3864545389583598,2
-3.837237739761792,0.3901681750750505,2
-3.865485831544436,0.39328911323483196,2
-3.893767279253099,0.3958165795282822,2
-3.9220750698430704,0.3977499472111723,2
-3.9504021837373084,0.39908873685988366,2
-3.978741596567108,0.39983261649029167,2
-4.007086280913955,0.39998140164008866,2
-4.0354292080521414,0.3995350554145274,2
-4.063763349691697,0.39849368849556477,2
-4.092081679721224,0.39685755911442167,2
-4.12037717595018,0.3946270729875465,2
-4.148642821850198,0.39180278321600737,2
-4.176871608294995,0.38838539014833806,2
-4.20505653529845,0.38437574120687046,2
-4.2331906137504145,0.37977483067759676,2
-4.261266867149823,0.3745837994636134,2
-4.289278333334682,0.3688039348022065,2
-4.317218066208499,0.36243666994565027,2
-4.345079137462729,0.35548358380580325,2
-4.372854638294811,0.3479464005625741,2
-4.4005376811213655,0.3398269892363772,2
-4.428121401286134,0.33112736322465874,2
-4.455598958762227,0.32184967980263535,2
-4.482963539848273,0.31199623958834,2
-4.510208358858027,0.3015694859721365,2
-4.537326659803051,0.290572004510818,2
-4.564311718068007,0.2790065222864637,2
-4.59115684207819,0.2668759072301903,2
-4.61785537495886,0.254183167410984,2
-4.644400696185963,0.24093145028978036,2
-4.670786223227854,0.22712404193897529,2
-4.697005413177577,0.21276436622756956,2
-4.723051764375345,0.19785598397213766,2
-4.748918818020767,0.1824025920538439,2
-4.774600159774465,0.16640802250171083,2
-4.800089421348655,0.14987624154238155,2
-4.825380282086319,0.1328113486165967,2
-4.850466470528548,0.11521757536265032,2
-4.875341765969706,0.09709928456704686,2
-4.8999999999999995,0.07846096908265299,2
-4.924435058035073,0.059307250714587756,2
-4.9486408808322615,0.03964287907414077,2
-4.972611465993132,0.019472730400989402,2
-4.996340869451906,-0.0011981936459724007,2
-5.019823206949436,-0.02236476722891534,2
-5.0430526554923425,-0.04402174160214534,2
-5.066023454796963,-0.06616374641365197,2
-5.088729908717747,-0.08878529103681387,2
-5.111166386659747,-0.11188076593192475,2
-5.133327324974859,-0.13544444403721267,2
-5.155207228341457,-0.15947048218899784,2
-5.1768006711270855,-0.1839529225706409,2
-5.1981022987338745,-0.2088856941899211,2
-5.219106828926334,-0.2342626143844837,2
-5.239809053141208,-0.2600773903549738,2
-5.260203837779061,-0.2863236207254807,2
-5.280286125477271,-0.3129947971309117,2
-5.300050936364125,-0.34008430583089133,2
-5.319493369293688,-0.36758542934979355,2
-5.338608603061162,-0.39549134814249354,2
-5.357391897598413,-0.42379514228543735,2
-5.375838595149386,-0.4524897931925962,2
-5.393944121425095,-0.48156818535588686,2
-5.411703986737935,-0.5110231081096321,2
-5.429113787115001,-0.5408472574186096,2
-5.4461692053901505,-0.5710332376892606,2
-5.462866012274554,-0.6015735636035962,2
-5.479200067405441,-0.6324606619753612,2
-5.4951673203728015,-0.6636868736279802,2
-5.510763811723776,-0.6952444552938266,2
-5.525985673944501,-0.7271255815343507,2
-5.54082913241914,-0.7593223466805783,2
-5.555290506365898,-0.791826766793505,2
-5.569366209749749,-0.824630781643898,2
-5.58305275217168,-0.8577262567110233,2
-5.596346739734218,-0.8911049851997868,2
-5.609244875883025,-0.9247586900757985,2
-5.621743962224354,-0.9586790261178604,2
-5.633840899318168,-0.9928575819873566,2
-5.6455326874467175,-1.0272858823140423,2
-5.656816427358388,-1.061955389797705,2
-5.667689320986643,-1.0968575073251945,2
-5.678148672143863,-1.1319835801022728,2
-5.688191887189934,-1.1673248977997717,2
-5.697816475675395,-1.2028726967135255,2
-5.707020050959009,-1.2386181619375338,2
-5.715800330799585,-1.274552429549824,2
-5.724155137921907,-1.3106665888104647,2
-5.732082400556651,-1.3469516843711955,2
-5.739580152954117,-1.3833987184961134,2
-5.746646535871691,-1.4199986532928703,2
-5.7532797970348835,-1.4567424129538273,2
-5.75947829157185,-1.4936208860066185,2
-5.765240482421269,-1.5306249275735493,2
-5.7705649407135,-1.5677453616392798,2
-5.7754503461249005,-1.6049729833262383,2
-5.7798954872052315,-1.6422985611771808,2
-5.783899261678066,-1.679712839444348,2
-5.787460676714123,-1.7172065403846402,2
-5.790578849177464,-1.7547703665602568,2
-5.793253005844486,-1.7923950031442084,2
-5.79548248359566,-1.8300711202301434,2
-5.797266729579969,-1.8677893751459227,2
-5.798605301351998,-1.9055404147703467,2
-5.79949786698165,-1.9433148778524854,2
-5.799944205136454,-1.981103397333011,2
-5.799944205136454,-2.018896602666988,2
-5.79949786698165,-2.056685122147515,2
-5.798605301351998,-2.094459585229653,2
-5.797266729579969,-2.1322106248540766,2
-5.79548248359566,-2.1699288797698557,2
-5.793253005844486,-2.207604996855792,2
-5.790578849177464,-2.2452296334397426,2
-5.787460676714123,-2.282793459615359,2
-5.783899261678066,-2.320287160555652,2
-5.7798954872052315,-2.3577014388228186,2
-5.7754503461249005,-2.395027016673761,2
-5.7705649407135,-2.4322546383607198,2
-5.765240482421269,-2.4693750724264514,2
-5.75947829157185,-2.506379113993381,2
-5.753279797034884,-2.543257587046172,2
-5.746646535871691,-2.580001346707129,2
-5.739580152954117,-2.616601281503886,2
-5.732082400556651,-2.653048315628804,2
-5.724155137921908,-2.6893334111895353,2
-5.715800330799585,-2.7254475704501764,2
-5.707020050959009,-2.7613818380624657,2
-5.697816475675395,-2.797127303286474,2
-5.688191887189934,-2.832675102200228,2
-5.678148672143863,-2.8680164198977276,2
-5.667689320986643,-2.903142492674805,2
-5.656816427358389,-2.9380446102022946,2
-5.6455326874467175,-2.972714117685958,2
-5.633840899318168,-3.0071424180126427,2
-5.621743962224354,-3.041320973882139,2
-5.609244875883025,-3.075241309924201,2
-5.596346739734218,-3.1088950148002135,2
-5.58305275217168,-3.1422737432889765,2
-5.569366209749749,-3.1753692183561015,2
-5.555290506365898,-3.2081732332064954,2
-5.54082913241914,-3.240677653319421,2
-5.525985673944501,-3.2728744184656486,2
-5.510763811723777,-3.304755544706173,2
-5.4951673203728015,-3.33631312637202,2
-5.479200067405442,-3.3675393380246383,2
-5.462866012274555,-3.398426436396403,2
-5.4461692053901505,-3.42896676231074,2
-5.429113787115001,-3.45915274258139,2
-5.411703986737936,-3.4889768918903674,2
-5.393944121425095,-3.5184318146441127,2
-5.375838595149386,-3.547510206807404,2
-5.357391897598413,-3.576204857714562,2
-5.338608603061162,-3.6045086518575062,2
-5.3194933692936885,-3.632414570650206,2
-5.300050936364125,-3.6599156941691087,2
-5.2802861254772715,-3.687005202869088,2
-5.260203837779061,-3.713676379274519,2
-5.239809053141208,-3.739922609645027,2
-5.219106828926334,-3.765737385615516,2
-5.198102298733875,-3.791114305810079,2
-5.176800671127086,-3.816047077429359,2
-5.155207228341457,-3.840529517811002,2
-5.133327324974859,-3.864555555962787,2
-5.111166386659748,-3.888119234068075,2
-5.088729908717748,-3.9112147089631857,2
-5.066023454796965,-3.933836253586347,2
-5.0430526554923425,-3.955978258397855,2
-5.019823206949436,-3.977635232771085,2
-4.996340869451906,-3.998801806354028,2
-4.972611465993133,-4.01947273040099,2
-4.948640880832262,-4.03964287907414,2
-4.924435058035073,-4.059307250714587,2
-4.9,-4.078460969082652,2
-4.875341765969706,-4.097099284567047,2
-4.850466470528547,-4.11521757536265,2
-4.825380282086319,-4.132811348616597,2
-4.800089421348656,-4.149876241542381,2
-4.774600159774465,-4.16640802250171,2
-4.748918818020767,-4.182402592053843,2
-4.723051764375346,-4.197855983972136,2
-4.6970054131775765,-4.212764366227569,2
-4.670786223227854,-4.227124041938975,2
-4.644400696185963,-4.24093145028978,2
-4.61785537495886,-4.254183167410984,2
-4.59115684207819,-4.26687590723019,2
-4.564311718068007,-4.279006522286464,2
-4.537326659803051,-4.2905720045108175,2
-4.510208358858026,-4.301569485972136,2
-4.482963539848273,-4.31199623958834,2
-4.455598958762227,-4.321849679802636,2
-4.428121401286134,-4.331127363224659,2
-4.400537681121366,-4.339826989236377,2
-4.372854638294812,-4.347946400562574,2
-4.34507913746273,-4.355483583805803,2
-4.3172180662085005,-4.36243666994565,2
-4.289278333334682,-4.368803934802207,2
-4.261266867149823,-4.374583799463613,2
-4.2331906137504145,-4.379774830677597,2
-4.205056535298451,-4.3843757412068705,2
-4.176871608294996,-4.388385390148338,2
-4.148642821850199,-4.391802783216007,2
-4.120377175950181,-4.3946270729875465,2
-4.092081679721224,-4.396857559114421,2
-4.063763349691697,-4.398493688495565,2
-4.0354292080521414,-4.399535055414527,2
-4.007086280913955,-4.399981401640089,2
-3.9787415965671085,-4.399832616490292,2
-3.9504021837373093,-4.399088736859884,2
-3.9220750698430713,-4.397749947211173,2
-3.8937672792530984,-4.395816579528282,2
-3.865485831544436,-4.393289113234832,2
-3.837237739761792,-4.3901681750750505,2
-3.8090300086784956,-4.386454538958359,2
-3.7808696330595004,-4.382149125767466,2
-3.752763595926866,-4.377253003130008,2
-3.7247188668281583,-4.3717673851538095,2
-3.696742400108184,-4.365693632125815,2
-3.6688411331845043,-4.359033250174779,2
-3.641021984827134,-4.3517878908977785,2
-3.613291853442873,-4.343959350950667,2
-3.585657615364688,-4.335549571602547,2
-3.558126123146562,-4.326560638254394,2
-3.5307042038642464,-4.316994779921923,2
-3.5033986574223244,-4.3068543686828615,2
-3.4762162548680235,-4.296141919088731,2
-3.449163736712168,-4.284860087541311,2
-3.422247811257716,-4.273011671633914,2
-3.39547515293628,-4.260599609457666,2
-3.3688524006530427,-4.2476269788729315,2
-3.3423861561404897,-4.23409699674609,2
-3.3160829823213516,-4.220013018151837,2
-3.2899494016811808,-4.205378535541218,2
-3.26399189465094,-4.190197177875589,2
-3.238216898000035,-4.174472709726736,2
-3.212630803240166,-4.158209030343352,2
-3.1872399550403996,-4.141410172684146,2
-3.162050649653867,-4.124080302417754,2
-3.1370691333564538,-4.106223716889782,2
-3.1123016008978976,-4.087844844057171,2
-3.0877541939656483,-4.068948241390183,2
-3.063432999661897,-4.049538594742268,2
-3.039344048994136,-4.029620717188102,2
-3.0154933153796324,-4.009199547830069,2
-2.9918867131641753,-3.9882801505734973,2
-2.9685300961554786,-3.9668677128709433,2
-2.9454292561715953,-3.944967544435847,2
-2.922589921604696,-3.92258507592586,2
-2.900017756000582,-3.899725857596186,2
-2.87771835665428,-3.876395557923272,2
-2.855697253222058,-3.8525999621991707,2
-2.8339599063502217,-3.828344971096947,2
-2.8125117063210148,-3.8036365992074628,2
-2.791357971715982,-3.7784809735479294,2
-2.770503948097092,-3.752884332042559,2
-2.7499548067059845,-3.7268530219757317,2
-2.7297156431816383,-3.7003934984180367,2
-2.709791476296788,-3.67351232262559,2
-2.690187246713405,-3.6462161604130126,2
-2.6709078157575417,-3.61851178050049,2
-2.651957964213856,-3.5904060528353123,2
-2.6333423911401,-3.561905946888304,2
-2.615065712701882,-3.5330185299255867,2
-2.597132461027979,-3.5037509652560814,2
-2.5795470830864917,-3.474110510455203,2
-2.562313939582112,-3.444104515565172,2
-2.5454373038747873,-3.4137404212724034,2
-2.528921360920039,-3.3830257570624074,2
-2.512770206231209,-3.3519681393526923,2
-2.4969878448638756,-3.3205752696040802,2
-2.481578190422711,-3.2888549324109584,2
-2.4665450640910116,-3.2568149935709076,2
-2.4518921936831433,-3.22446339813419,2
-2.4376232127201467,-3.1918081684335946,2
-2.4237416595287185,-3.158857402095105,2
-2.4102509763638027,-3.125619270029915,2
-2.3971545085550003,-3.0921020144082476,2
-2.3844555036770188,-3.0583139466155265,2
-2.372157110744361,-3.0242634451913695,2
-2.3602623794304516,-2.989958953751935,2
-2.3487742593114,-2.955408978896132,2
-2.337695599134585,-2.9206220880962066,2
-2.3270291461122414,-2.885606907573246,2
-2.3167775452402233,-2.8503721201580934,2
-2.3069433386421156,-2.8149264631382467,2
-2.2975289649388575,-2.779278726091241,2
-2.2885367586440277,-2.7434377487050687,2
-2.279968949584947,-2.7074124185861717,2
-2.271827662349741,-2.67121166905555,2
-2.264114915760501,-2.6348444769335466,2
-2.2568326223726665,-2.5983198603138207,2
-2.2499825880007647,-2.56164687632711,2
-2.2435665112706156,-2.5248346188953024,2
-2.237585983198119,-2.4878922164763857,2
-2.2320424867947244,-2.450828829800832,2
-2.2269373966996833,-2.413653649599982,2
-2.2222719788391774,-2.3763758943269933,2
-2.218047390112399,-2.3390048078709,2
-2.2142646781046755,-2.301549657264384,2
-2.2109247808276913,-2.264019730385791,2
-2.20802852648689,-2.2264243336559906,2
-2.205576633276099,-2.1887727897306277,2
-2.2035697091994377,-2.1510744351883533,2
-2.202008251920549,-2.1133386182156078,2
-2.200892648639191,-2.07557469628851,2
-2.200223175995221,-2.0377920338524587,2
-2.9,1.2000000000000002,2
-2.9004485697864437,1.2284116947883295,2
-2.901793832001656,1.2567950681814066,2
-2.904034445659005,1.2851218270153608,2
-2.907168177266068,1.3133637345609461,2
-2.9111919030510287,1.341492638670526,2
-2.9161016120765177,1.3694804998407464,2
-2.9218924102378034,1.3972994191629224,2
-2.9285585251413435,1.4249216661332778,2
-2.9360933118588286,1.452319706295313,2
-2.9444892595509953,1.4794662286867521,2
-2.953737998954592,1.5063341730637019,2
-2.9638303107250428,1.5328967568748926,2
-2.9747561346264906,1.5591275019591069,2
-2.9865045795600587,1.5850002609391889,2
-2.999063934420338,1.6104892432863145,2
-3.0124216797692656,1.635569041028555,2
-3.0265645003157795,1.6602146540780942,2
-3.0414782981887845,1.68440151515186,2
-3.057148206990221,1.7081055142607262,2
-3.0735586066142133,1.7313030227428756,2
-3.0906931388175267,1.7539709168173614,2
-3.1085347235258265,1.7760866006343967,2
-3.1270655758594614,1.7976280287993882,2
-3.146267223861824,1.818573728348266,2
-3.1661205269125947,1.8389028201522,2
-3.1866056948075294,1.8585950397303694,2
-3.207702307485766,1.8776307574500395,2
-3.229389335384985,1.8959909980938052,2
-3.251645160404135,1.9136574597745009,2
-3.2744475974528244,1.9306125321789187,2
-3.297773916565904,1.9468393141221534,2
-3.3216008655611886,1.9623216303950692,2
-3.34590469321774,1.9770440478881013,2
-3.3706611729515994,1.9909918909753146,2
-3.3958456269653716,2.0041512561433867,2
-3.4214329508475942,2.0165090258509335,2
-3.447397638597356,2.0280528816043573,2
-3.473713808049238,2.0387713162371917,2
-3.500355226673215,2.0486536453806936,2
-3.5272953377238143,2.057690018114256,2
-3.554507286712457,2.0658714267850167,2
-3.581963948176595,2.0731897159868877,2
-3.6096379527189626,2.079637590690037,2
-3.637501714289988,2.085208623512733,2
-3.6655274576861654,2.0898972611283027,2
-3.6936872462369825,2.093698829800803,2
-3.7219530096528044,2.0966095400439064,2
-3.7502965720059427,2.0986264903983414,2
-3.778689679817038,2.0997476703241302,2
-3.807104030218742,2.099971962204741,2
-3.8355112991686275,2.0992991424611485,2
-3.8638831696832145,2.097729881774705,2
-3.892191360064952,2.095265744418591,2
-3.920407652094031,2.091909186698513,2
-3.9485039191569196,2.0876635545042026,2
-3.9764521542835802,2.082533079974164,2
-4.004224498065431,2.076522877276984,2
-4.031793266426207,2.06963893751342,2
-4.05913097821805,2.061888122744337,2
-4.086210382615314,2.0532781591504587,2
-4.1130044862787845,2.043817629330743,2
-4.139486580263219,2.0335159637470572,2
-4.1656302666414105,2.0223834313236932,2
-4.191409484818213,2.0104311292110766,2
-4.216798537508313,1.9976709717238879,2
-4.241772116351834,1.984115678464614,2
-4.26630532714227,1.969778761644371,2
-4.2903737146415635,1.9546745126136398,2
-4.313953286957625,1.9388179876163365,2
-4.33702053945997,1.9222249927814206,2
-4.359552478209645,1.9049120683670018,2
-4.381526642880089,1.8868964722726518,2
-4.40292112914607,1.8681961628363553,2
-4.423714610518399,1.848829780933245,2
-4.443886359602634,1.828816631393976,2
-4.463416268760601,1.8081766637612482,2
-4.482284870154121,1.7869304524036682,2
-4.5004733551509775,1.7650991760067725,2
-4.517963593073768,1.7427045964616532,2
-4.534738149272959,1.71976903717223,2
-4.5507803025061255,1.6963153608027968,2
-4.566074061606045,1.672366946488022,2
-4.580604181421043,1.6479476665281148,2
-4.594356178011692,1.6230818625924028,2
-4.607316343088717,1.5977943214550212,2
-4.619471757677716,1.5721102502869209,2
-4.630810304997074,1.5460552515288102,2
-4.6413206825362385,1.519655297370086,2
-4.6509924133223,1.4929367038591908,2
-4.659815856363675,1.4659261046712033,2
-4.66778221626045,1.4386504245588112,2
-4.674883551971831,1.411136852513132,2
-4.681112784731943,1.3834128146611375,2
-4.6864637051060996,1.35550594692669,2
-4.690930979180502,1.3274440674824568,2
-4.6945101538791985,1.2992551490201478,2
-4.697197661403014,1.270967290866729,2
-4.6989908227859996,1.2426086909744027,2
-4.699887850565892,1.2142076178122734,2
-4.699887850565892,1.185792382187727,2
-4.6989908227859996,1.157391309025598,2
-4.697197661403013,1.1290327091332713,2
-4.6945101538791985,1.100744850979853,2
-4.690930979180502,1.0725559325175436,2
-4.6864637051060996,1.0444940530733104,2
-4.681112784731943,1.0165871853388633,2
-4.674883551971831,0.9888631474868683,2
-4.66778221626045,0.9613495754411894,2
-4.659815856363675,0.9340738953287973,2
-4.6509924133223,0.9070632961408096,2
-4.6413206825362385,0.8803447026299145,2
-4.630810304997075,0.8539447484711904,2
-4.619471757677716,0.8278897497130795,2
-4.607316343088717,0.8022056785449792,2
-4.594356178011692,0.7769181374075973,2
-4.580604181421043,0.7520523334718854,2
-4.566074061606045,0.7276330535119788,2
-4.550780302506126,0.7036846391972036,2
-4.534738149272959,0.6802309628277707,2
-4.517963593073768,0.6572954035383471,2
-4.500473355150977,0.6349008239932274,2
-4.482284870154121,0.6130695475963321,2
-4.463416268760601,0.5918233362387522,2
-4.443886359602635,0.5711833686060244,2
-4.423714610518399,0.5511702190667553,2
-4.40292112914607,0.5318038371636451,2
-4.381526642880089,0.5131035277273486,2
-4.359552478209646,0.4950879316329986,2
-4.33702053945997,0.4777750072185798,2
-4.313953286957625,0.46118201238366385,2
-4.2903737146415635,0.4453254873863606,2
-4.26630532714227,0.43022123835562964,2
-4.241772116351834,0.4158843215353867,2
-4.216798537508312,0.4023290282761125,2
-4.191409484818214,0.38956887078892377,2
-4.16563026664141,0.3776165686763071,2
-4.139486580263219,0.36648403625294335,2
-4.1130044862787845,0.3561823706692575,2
-4.086210382615314,0.3467218408495414,2
-4.05913097821805,0.3381118772556635,2
-4.031793266426207,0.33036106248658026,2
-4.004224498065431,0.3234771227230162,2
-3.9764521542835802,0.31746692002583643,2
-3.948503919156919,0.31233644549579775,2
-3.920407652094031,0.30809081330148747,2
-3.8921913600649516,0.304734255581409,2
-3.8638831696832145,0.30227011822529537,2
-3.8355112991686275,0.3007008575388521,2
-3.8071040302187424,0.30002803779525933,2
-3.7786896798170386,0.3002523296758697,2
-3.7502965720059427,0.301373509601659,2
-3.7219530096528044,0.30339045995609415,2
-3.6936872462369825,0.30630117019919756,2
-3.6655274576861654,0.3101027388716977,2
-3.6375017142899884,0.3147913764872672,2
-3.6096379527189626,0.3203624093099635,2
-3.5819639481765955,0.3268102840131124,2
-3.554507286712457,0.33412857321498346,2
-3.5272953377238148,0.34230998188574446,2
-3.500355226673215,0.35134635461930674,2
-3.473713808049238,0.3612286837628089,2
-3.4473976385973564,0.3719471183956431,2
-3.421432950847594,0.3834909741490671,2
-3.3958456269653725,0.3958487438566136,2
-3.3706611729515994,0.40900810902468576,2
-3.34590469321774,0.4229559521118993,2
-3.321600865561189,0.4376783696049311,2
-3.297773916565904,0.45316068587784697,2
-3.2744475974528244,0.4693874678210812,2
-3.251645160404135,0.4863425402254995,2
-3.229389335384985,0.5040090019061951,2
-3.207702307485766,0.5223692425499606,2
-3.1866056948075294,0.5414049602696311,2
-3.166120526912595,0.5610971798478004,2
-3.1462672238618246,0.5814262716517344,2
-3.1270655758594623,0.6023719712006117,2
-3.1085347235258265,0.6239133993656036,2
-3.0906931388175267,0.646029083182639,2
-3.0735586066142133,0.6686969772571243,2
-3.057148206990221,0.6918944857392741,2
-3.0414782981887845,0.7155984848481403,2
-3.0265645003157795,0.7397853459219061,2
-3.0124216797692656,0.7644309589714455,2
-2.999063934420338,0.7895107567136856,2
-2.9865045795600587,0.8149997390608115,2
-2.9747561346264906,0.8408724980408928,2
-2.9638303107250428,0.8671032431251078,2
-2.953737998954592,0.8936658269362989,2
-2.9444892595509957,0.920533771313248,2
-2.9360933118588286,0.9476802937046873,2
-2.9285585251413435,0.9750783338667222,2
-2.9218924102378034,1.002700580837078,2
-2.9161016120765177,1.0305195001592544,2
-2.9111919030510287,1.0585073613294744,2
-2.907168177266068,1.0866362654390542,2
-2.904034445659005,1.1148781729846395,2
-2.901793832001656,1.1432049318185937,2
-2.9004485697864437,1.171588305211671,2
-3.1,2.0,2
-3.108163265306122,2.012244897959184,2
-3.1163265306122447,2.024489795918367,2
-3.1244897959183673,2.036734693877551,2
-3.13265306122449,2.048979591836735,2
-3.1408163265306124,2.061224489795918,2
-3.148979591836735,2.073469387755102,2
-3.157142857142857,2.085714285714286,2
-3.1653061224489796,2.0979591836734692,2
-3.173469387755102,2.110204081632653,2
-3.1816326530612242,2.122448979591837,2
-3.1897959183673468,2.1346938775510202,2
-3.1979591836734693,2.146938775510204,2
-3.206122448979592,2.159183673469388,2
-3.2142857142857144,2.1714285714285713,2
-3.222448979591837,2.183673469387755,2
-3.230612244897959,2.195918367346939,2
-3.2387755102040816,2.2081632653061223,2
-3.246938775510204,2.220408163265306,2
-3.2551020408163263,2.23265306122449,2
-3.263265306122449,2.2448979591836733,2
-3.2714285714285714,2.257142857142857,2
-3.279591836734694,2.269387755102041,2
-3.2877551020408164,2.2816326530612248,2
-3.295918367346939,2.293877551020408,2
-3.304081632653061,2.306122448979592,2
-3.3122448979591836,2.3183673469387753,2
-3.320408163265306,2.330612244897959,2
-3.3285714285714283,2.342857142857143,2
-3.336734693877551,2.355102040816327,2
-3.3448979591836734,2.36734693877551,2
-3.353061224489796,2.379591836734694,2
-3.3612244897959185,2.391836734693878,2
-3.369387755102041,2.404081632653061,2
-3.377551020408163,2.416326530612245,2
-3.3857142857142857,2.428571428571429,2
-3.3938775510204082,2.440816326530612,2
-3.4020408163265303,2.453061224489796,2
-3.410204081632653,2.46530612244898,2
-3.4183673469387754,2.477551020408163,2
-3.426530612244898,2.489795918367347,2
-3.4346938775510205,2.502040816326531,2
-3.442857142857143,2.5142857142857142,2
-3.451020408163265,2.526530612244898,2
-3.4591836734693877,2.538775510204082,2
-3.4673469387755103,2.5510204081632653,2
-3.4755102040816324,2.563265306122449,2
-3.483673469387755,2.575510204081633,2
-3.4918367346938775,2.5877551020408163,2
-3.5,2.6,2
-3.5081632653061225,2.5877551020408163,2
-3.516326530612245,2.575510204081633,2
-3.524489795918367,2.563265306122449,2
-3.5326530612244897,2.5510204081632653,2
-3.5408163265306123,2.538775510204082,2
-3.548979591836735,2.526530612244898,2
-3.557142857142857,2.5142857142857142,2
-3.5653061224489795,2.502040816326531,2
-3.573469387755102,2.489795918367347,2
-3.5816326530612246,2.477551020408163,2
-3.589795918367347,2.46530612244898,2
-3.5979591836734692,2.453061224489796,2
-3.6061224489795918,2.440816326530612,2
-3.6142857142857143,2.428571428571429,2
-3.622448979591837,2.416326530612245,2
-3.630612244897959,2.404081632653061,2
-3.6387755102040815,2.391836734693878,2
-3.646938775510204,2.379591836734694,2
-3.6551020408163266,2.36734693877551,2
-3.663265306122449,2.355102040816327,2
-3.6714285714285713,2.342857142857143,2
-3.679591836734694,2.330612244897959,2
-3.6877551020408164,2.3183673469387758,2
-3.695918367346939,2.306122448979592,2
-3.704081632653061,2.293877551020408,2
-3.7122448979591836,2.2816326530612248,2
-3.720408163265306,2.269387755102041,2
-3.7285714285714286,2.257142857142857,2
-3.736734693877551,2.2448979591836737,2
-3.7448979591836733,2.23265306122449,2
-3.753061224489796,2.220408163265306,2
-3.7612244897959184,2.2081632653061227,2
-3.769387755102041,2.195918367346939,2
-3.777551020408163,2.183673469387755,2
-3.7857142857142856,2.1714285714285717,2
-3.793877551020408,2.159183673469388,2
-3.8020408163265307,2.146938775510204,2
-3.8102040816326532,2.1346938775510207,2
-3.8183673469387753,2.122448979591837,2
-3.826530612244898,2.110204081632653,2
-3.8346938775510204,2.0979591836734697,2
-3.842857142857143,2.085714285714286,2
-3.851020408163265,2.073469387755102,2
-3.8591836734693876,2.0612244897959187,2
-3.86734693877551,2.048979591836735,2
-3.8755102040816327,2.036734693877551,2
-3.8836734693877553,2.0244897959183676,2
-3.891836734693878,2.012244897959184,2
-3.9,2.0,2
-3.8836734693877553,2.0,2
-3.86734693877551,2.0,2
-3.851020408163265,2.0,2
-3.8346938775510204,2.0,2
-3.8183673469387753,2.0,2
-3.8020408163265307,2.0,2
-3.7857142857142856,2.0,2
-3.769387755102041,2.0,2
-3.753061224489796,2.0,2
-3.736734693877551,2.0,2
-3.720408163265306,2.0,2
-3.704081632653061,2.0,2
-3.6877551020408164,2.0,2
-3.6714285714285713,2.0,2
-3.6551020408163266,2.0,2
-3.6387755102040815,2.0,2
-3.622448979591837,2.0,2
-3.6061224489795918,2.0,2
-3.589795918367347,2.0,2
-3.573469387755102,2.0,2
-3.557142857142857,2.0,2
-3.5408163265306123,2.0,2
-3.524489795918367,2.0,2
-3.5081632653061225,2.0,2
-3.4918367346938775,2.0,2
-3.475510204081633,2.0,2
-3.4591836734693877,2.0,2
-3.442857142857143,2.0,2
-3.426530612244898,2.0,2
-3.410204081632653,2.0,2
-3.3938775510204082,2.0,2
-3.3775510204081636,2.0,2
-3.3612244897959185,2.0,2
-3.3448979591836734,2.0,2
-3.3285714285714287,2.0,2
-3.3122448979591836,2.0,2
-3.295918367346939,2.0,2
-3.279591836734694,2.0,2
-3.263265306122449,2.0,2
-3.246938775510204,2.0,2
-3.230612244897959,2.0,2
-3.2142857142857144,2.0,2
-3.1979591836734693,2.0,2
-3.1816326530612247,2.0,2
-3.1653061224489796,2.0,2
-3.148979591836735,2.0,2
-3.13265306122449,2.0,2
-3.1163265306122447,2.0,2
-3.9081632653061225,2.012244897959184,2
-3.916326530612245,2.024489795918367,2
-3.9244897959183676,2.036734693877551,2
-3.9326530612244897,2.048979591836735,2
-3.940816326530612,2.061224489795918,2
-3.9489795918367347,2.073469387755102,2
-3.9571428571428573,2.085714285714286,2
-3.9653061224489794,2.0979591836734692,2
-3.973469387755102,2.110204081632653,2
-3.9816326530612245,2.122448979591837,2
-3.989795918367347,2.1346938775510202,2
-3.9979591836734696,2.146938775510204,2
-4.006122448979592,2.159183673469388,2
-4.014285714285714,2.1714285714285713,2
-4.022448979591837,2.183673469387755,2
-4.030612244897959,2.195918367346939,2
-4.038775510204082,2.2081632653061223,2
-4.046938775510204,2.220408163265306,2
-4.055102040816326,2.23265306122449,2
-4.063265306122449,2.2448979591836733,2
-4.071428571428571,2.257142857142857,2
-4.079591836734694,2.269387755102041,2
-4.087755102040816,2.2816326530612248,2
-4.095918367346939,2.293877551020408,2
-4.104081632653061,2.306122448979592,2
-4.112244897959184,2.3183673469387753,2
-4.1204081632653065,2.330612244897959,2
-4.128571428571428,2.342857142857143,2
-4.136734693877551,2.355102040816327,2
-4.144897959183673,2.36734693877551,2
-4.153061224489796,2.379591836734694,2
-4.161224489795918,2.391836734693878,2
-4.169387755102041,2.404081632653061,2
-4.177551020408163,2.416326530612245,2
-4.185714285714286,2.428571428571429,2
-4.1938775510204085,2.440816326530612,2
-4.202040816326531,2.453061224489796,2
-4.210204081632653,2.46530612244898,2
-4.218367346938775,2.477551020408163,2
-4.226530612244898,2.489795918367347,2
-4.23469387755102,2.502040816326531,2
-4.242857142857143,2.5142857142857142,2
-4.251020408163265,2.526530612244898,2
-4.259183673469388,2.538775510204082,2
-4.2673469387755105,2.5510204081632653,2
-4.275510204081632,2.563265306122449,2
-4.283673469387755,2.575510204081633,2
-4.291836734693877,2.5877551020408163,2
-4.3,2.6,2
-4.308163265306122,2.5877551020408163,2
-4.316326530612245,2.575510204081633,2
-4.3244897959183675,2.563265306122449,2
-4.33265306122449,2.5510204081632653,2
-4.340816326530613,2.538775510204082,2
-4.348979591836734,2.526530612244898,2
-4.357142857142857,2.5142857142857142,2
-4.365306122448979,2.502040816326531,2
-4.373469387755102,2.489795918367347,2
-4.381632653061224,2.477551020408163,2
-4.389795918367347,2.46530612244898,2
-4.3979591836734695,2.453061224489796,2
-4.406122448979592,2.440816326530612,2
-4.414285714285715,2.428571428571429,2
-4.422448979591836,2.416326530612245,2
-4.430612244897959,2.404081632653061,2
-4.438775510204081,2.391836734693878,2
-4.446938775510204,2.379591836734694,2
-4.455102040816326,2.36734693877551,2
-4.463265306122449,2.355102040816327,2
-4.4714285714285715,2.342857142857143,2
-4.479591836734694,2.330612244897959,2
-4.487755102040817,2.3183673469387758,2
-4.495918367346938,2.306122448979592,2
-4.504081632653061,2.293877551020408,2
-4.512244897959183,2.2816326530612248,2
-4.520408163265306,2.269387755102041,2
-4.5285714285714285,2.257142857142857,2
-4.536734693877551,2.2448979591836737,2
-4.544897959183674,2.23265306122449,2
-4.553061224489796,2.220408163265306,2
-4.561224489795919,2.2081632653061227,2
-4.56938775510204,2.195918367346939,2
-4.577551020408164,2.183673469387755,2
-4.585714285714285,2.1714285714285717,2
-4.593877551020408,2.159183673469388,2
-4.6020408163265305,2.146938775510204,2
-4.610204081632653,2.1346938775510207,2
-4.618367346938776,2.122448979591837,2
-4.626530612244898,2.110204081632653,2
-4.634693877551021,2.0979591836734697,2
-4.642857142857142,2.085714285714286,2
-4.651020408163265,2.073469387755102,2
-4.659183673469387,2.0612244897959187,2
-4.66734693877551,2.048979591836735,2
-4.6755102040816325,2.036734693877551,2
-4.683673469387755,2.0244897959183676,2
-4.691836734693878,2.012244897959184,2
-4.7,2.0,2
-4.683673469387755,2.0,2
-4.66734693877551,2.0,2
-4.651020408163265,2.0,2
-4.634693877551021,2.0,2
-4.618367346938776,2.0,2
-4.6020408163265305,2.0,2
-4.585714285714285,2.0,2
-4.56938775510204,2.0,2
-4.553061224489796,2.0,2
-4.536734693877551,2.0,2
-4.520408163265306,2.0,2
-4.504081632653061,2.0,2
-4.487755102040817,2.0,2
-4.4714285714285715,2.0,2
-4.455102040816326,2.0,2
-4.438775510204081,2.0,2
-4.422448979591836,2.0,2
-4.406122448979592,2.0,2
-4.389795918367347,2.0,2
-4.373469387755102,2.0,2
-4.357142857142857,2.0,2
-4.340816326530613,2.0,2
-4.3244897959183675,2.0,2
-4.308163265306122,2.0,2
-4.291836734693877,2.0,2
-4.275510204081633,2.0,2
-4.259183673469388,2.0,2
-4.242857142857143,2.0,2
-4.226530612244898,2.0,2
-4.210204081632654,2.0,2
-4.1938775510204085,2.0,2
-4.177551020408163,2.0,2
-4.161224489795918,2.0,2
-4.144897959183673,2.0,2
-4.128571428571429,2.0,2
-4.112244897959184,2.0,2
-4.095918367346939,2.0,2
-4.079591836734694,2.0,2
-4.0632653061224495,2.0,2
-4.046938775510204,2.0,2
-4.030612244897959,2.0,2
-4.014285714285714,2.0,2
-3.9979591836734696,2.0,2
-3.9816326530612245,2.0,2
-3.96530612244898,2.0,2
-3.9489795918367347,2.0,2
-3.9326530612244897,2.0,2
-3.916326530612245,2.0,2
-5.4,-2.0,2
-5.3938839429762515,-1.9927727424709087,2
-5.3883868579257825,-1.9855554316894066,2
-5.383507786373336,-1.978358004136521,2
-5.3792451319593955,-1.9711903757707527,2
-5.375596662087882,-1.9640624317932938,2
-5.372559510230525,-1.95698401644499,2
-5.370130178885563,-1.949964922845583,2
-5.368304543187697,-1.9430148828857159,2
-5.367077855165581,-1.9361435571821353,2
-5.3664447486424525,-1.9293605251064623,2
-5.366399244774847,-1.922675274897819,2
-5.366934758223677,-1.9160971938695153,2
-5.368044103951307,-1.909635558719911,2
-5.369719504637608,-1.9032995259574466,2
-5.37195259870734,-1.897098122449729,2
-5.374734448960573,-1.891040236106426,2
-5.378055551797241,-1.8851346067055883,2
-5.38190584702631,-1.8793898168728624,2
-5.386274728249428,-1.8738142832229137,2
-5.391151053808349,-1.8684162476721937,2
-5.396523158284822,-1.8632037689320247,2
-5.4023788645410855,-1.85818471419078,2
-5.408705496288533,-1.8533667509937448,2
-5.415489891171576,-1.848757339329039,2
-5.4227184143532,-1.8443637239277715,2
-5.430376972588208,-1.8401929267863701,2
-5.438451028769587,-1.836251739918812,2
-5.446925616933033,-1.8325467183462272,2
-5.455785357704102,-1.8290841733311163,2
-5.465014474172077,-1.8258701658631649,2
-5.4745968081741445,-1.8229105004033768,2
-5.484515836973089,-1.8202107188929841,2
-5.494754690311272,-1.8177760950333193,2
-5.50529616782332,-1.8156116288425483,2
-5.516122756789525,-1.813722041494891,2
-5.52721665021164,-1.8121117704476475,2
-5.538559765192426,-1.8107849648610648,2
-5.550133761599954,-1.8097454813157714,2
-5.561920060997428,-1.808996879832196,2
-5.573899865818961,-1.8085424201960838,2
-5.586054178771537,-1.8083850585939003,2
-5.598363822443111,-1.8085274445615955,2
-5.6108094590966315,-1.8089719182498776,2
-5.623371610629533,-1.8097205080088221,2
-5.636030678678112,-1.8107749282943029,2
-5.648766964846027,-1.8121365778984133,2
-5.661560691036054,-1.8138065385056996,2
-5.674392019864099,-1.8157855735766961,2
-5.687241075134404,-1.8180741275599184,2
-5.7000879623548215,-1.8206723254331243,2
-5.712912789270959,-1.8235799725743176,2
-5.7256956863980255,-1.8267965549626282,2
-5.738416827529173,-1.8303212397088595,2
-5.751056450199166,-1.8341528759151573,2
-5.763594876082262,-1.8382899958629122,2
-5.776012531303251,-1.8427308165276695,2
-5.788289966640674,-1.847473241419482,2
-5.800407877601395,-1.8525148627468075,2
-5.812347124345784,-1.8578529639017178,2
-5.82408875144295,-1.863484522263853,2
-5.835614007435637,-1.869406212320225,2
-5.846904364194596,-1.8756144090976576,2
-5.857941536042436,-1.8821051919043092,2
-5.868707498627238,-1.8888743483764263,2
-5.879184507526436,-1.8959173788261467,2
-5.88935511656177,-1.903229500885863,2
-5.899202195806399,-1.9108056544443557,2
-5.908708949265612,-1.918640506869601,2
-5.9178589322128445,-1.9267284585128612,2
-5.926636068163155,-1.9350636484883759,2
-5.93502466546661,-1.9436399607226904,2
-5.943009433504457,-1.9524510302673792,2
-5.950575498471384,-1.9614902498686417,2
-5.957708418727547,-1.9707507767869972,2
-5.964394199704559,-1.9802255398600372,2
-5.97061930835001,-1.9899072468009442,2
-5.976370687095645,-1.9997883917252435,2
-5.9816357673347715,-2.0098612628980224,2
-5.986402482394976,-2.020117950693618,2
-5.990659279992773,-2.0305503557595577,2
-5.9943951341573225,-2.041150197376326,2
-5.997599556610919,-2.051909022004333,2
-6.000262607594491,-2.0628182120092564,2
-6.002374906126952,-2.073868994556755,2
-6.003927639687802,-2.085052450667373,2
-6.004912573312997,-2.0963595244222892,2
-6.005322058094686,-2.1077810323104043,2
-6.005149039076052,-2.11930767270713,2
-6.004387062533106,-2.130930035475083,2
-6.003030282635913,-2.142638611676782,2
-6.001073467482382,-2.154423803389325,2
-5.998512004498384,-2.1662759336109083,2
-5.995341905198639,-2.1781852562489714,2
-5.991559809303439,-2.1901419661796506,2
-5.987162988206963,-2.202136209368164,2
-5.982149347793625,-2.2141580930396785,2
-5.976517430599513,-2.2261976958901646,2
-5.9702664173167195,-2.2382450783266954,2
-5.963396127638989,-2.250290292726623,2
-5.955907020447823,-2.2623233937050453,2
-5.947800193338844,-2.2743344483799603,2
-5.939077381488907,-2.2863135466245152,2
-5.929740955865139,-2.2982508112957705,2
-5.919793920777728,-2.31013640842942,2
-5.90923991077903,-2.321960557389941,2
-5.898083186912144,-2.3337135409657055,2
-5.886328632312869,-2.345385715398623,2
-5.87398174716957,-2.356967520337972,2
-5.861048643046132,-2.3684494887081415,2
-5.847536036573901,-2.3798222564800975,2
-5.833451242519095,-2.3910765723364893,2
-5.818802166232845,-2.4022033072204225,2
-5.80359729549167,-2.4131934637580383,2
-5.787845691736793,-2.424038185545176,2
-5.771556980721355,-2.434728766288535,2
-5.754741342575164,-2.445256658791897,2
-5.737409501297249,-2.455613483778139,2
-5.7195727136870556,-2.4657910385379234,2
-5.701242757725715,-2.475781305396147,2
-5.682431920419363,-2.4855764599874086,2
-5.6631529851170805,-2.495168879331942,2
-5.643419218316523,-2.504551149703701,2
-5.623244355970869,-2.513716074282452,2
-5.602642589311225,-2.5226566805819903,2
-5.581628550199104,-2.5313662276468163,2
-5.560217296024112,-2.5398382130098223,2
-5.538424294162427,-2.5480663794038363,2
-5.516265406012103,-2.5560447212200748,2
-5.493756870621686,-2.563767490706849,2
-5.47091528792904,-2.571229203902118,2
-5.447757601627678,-2.578424646293781,2
-5.424301081678278,-2.585348878201845,2
-5.400563306483457,-2.5919972398769273,2
-5.3765621447441685,-2.598365356309833,2
-5.35231573701648,-2.604449141747229,2
-5.327842476987751,-2.6102448039087642,2
-5.303160992491538,-2.615748847901285,2
-5.278290126280829,-2.620958079826096,2
-5.253248916579443,-2.625869610075549,2
-5.228056577431683,-2.6304808563155646,2
-5.202732478870509,-2.6347895461509907,2
-5.1772961269246975,-2.638793719471062,2
-5.151767143485659,-2.6424917304725346,2
-5.126165246054637,-2.6458822493584044,2
-5.100510227391248,-2.6489642637104636,2
-5.074821935084323,-2.651737079534266,2
-5.049120251066176,-2.654200321975441,2
-5.023425071091408,-2.656353935706594,2
-4.997756284201456,-2.6581981849844203,2
-4.972133752196063,-2.6597336533769447,2
-4.946577289132875,-2.6609612431611938,2
-4.921106640876305,-2.661882174391909,2
-4.895741464716783,-2.6624979836422624,2
-4.870501309081447,-2.662810522417878,2
-4.845405593357162,-2.6628219552457972,2
-4.820473587846768,-2.6625347574403566,2
-4.795724393879174,-2.661951712548283,2
-4.771176924093874,-2.6610759094756515,2
-4.746849882920222,-2.659910739299661,2
-4.722761747271599,-2.658459891768527,2
-4.698930747474421,-2.656727351493097,2
-4.675374848451662,-2.6547173938341215,2
-4.652111731180308,-2.652434580489434,2
-4.6291587744418905,-2.649883754785579,2
-4.606533036884936,-2.647070036678763,2
-4.584251239417831,-2.643998817470274,2
-4.562329747950298,-2.640675754241839,2
-4.540784556501273,-2.6371067640166515,2
-4.519631270690644,-2.6332980176520997,2
-4.498885091631862,-2.629255933470501,2
-4.478560800242077,-2.6249871706344123,2
-4.458672741985975,-2.6204986222733604,2
-4.439234812069066,-2.615797408369076,2
-4.4202604410957145,-2.610890868406592,2
-4.401762581206704,-2.605786553798767,2
-4.383753692710652,-2.6004922200920833,2
-4.366245731223068,-2.595015818961732,2
-4.349250135326336,-2.589365490004274,2
-4.33277781476335,-2.583549552336334,2
-4.316839139176996,-2.5775764960080023,2
-4.301443927407092,-2.5714549732398053,2
-4.286601437355858,-2.5651937894922967,2
-4.272320356432336,-2.5588018943774764,2
-4.258608792585664,-2.5522883724214243,2
-4.245474265936438,-2.545662433687684,2
-4.232923701014789,-2.5389334042710727,2
-4.220963419613225,-2.532110716671724,2
-4.209599134261565,-2.5252039000593136,2
-4.198835942330743,-2.5182225704374956,2
-4.188678320771538,-2.511176420718725,2
-4.1791301214936825,-2.504075210719689,2
-4.170194567390101,-2.496928757087688,2
-4.161874249010393,-2.489746923168356,2
-4.154171121886992,-2.4825396088251845,2
-4.1470865045167535,-2.4753167402213507,2
-4.14062107700007,-2.468088259574403,2
-4.134774880338901,-2.4608641148943753,2
-4.129547316394452,-2.453654249715921,2
-4.124937148504545,-2.4464685928350685,2
-4.120942502760048,-2.439317048061189,2
-4.117560869939026,-2.432209483994753,2
-4.114789108096649,-2.425155723841428,2
-4.112623445808153,-2.4181655352730296,2
-4.111059486061532,-2.411248620345799,2
-4.110092210795918,-2.4044146054863926,2
-4.109715986080993,-2.397673031555947,2
-4.10992456793206,-2.3910333440024494,2
-4.110711108754788,-2.384504883111596,2
-4.11206816441298,-2.378096874366192,2
-4.113987701912051,-2.3718184189240437,2
-4.116461107690309,-2.3656784842241754,2
-4.119479196509463,-2.359685894731064,2
-4.123032220935192,-2.3538493228264445,2
-4.127109881397986,-2.3481772798580876,2
-4.131701336823868,-2.342678107354792,2
-4.136795215824044,-2.3373599684166506,2
-4.14237962843191,-2.3322308392894873,2
-4.1484421783753085,-2.3272985011321543,2
-4.154969975871379,-2.3225705319851864,2
-4.161949650930773,-2.318054298949109,2
-4.169367367157537,-2.313756950580464,2
-4.177208836030368,-2.30968540951341,2
-4.185459331650564,-2.305846365314505,2
-4.194103705941387,-2.302246267578057,2
-4.203126404283199,-2.2988913192691527,2
-4.212511481568197,-2.2957874703212555,2
-4.222242618658202,-2.292940411494963,2
-4.232303139228499,-2.2903555685042756,2
-4.242676026980346,-2.2880380964164306,2
-4.253343943204401,-2.285992874331085,2
-4.264289244676903,-2.2842245003443424,2
-4.275494001870184,-2.2827372868028144,2
-4.2869400174586705,-2.2815352558526203,2
-4.298608845101301,-2.2806221352879197,2
-4.310481808480972,-2.28000135470326,2
-4.322540020581339,-2.279676041953709,2
-4.334764403181107,-2.279649019926436,2
-4.347135706545663,-2.2799228036270547,2
-4.3596345292957395,-2.2804995975837596,2
-4.372241338432603,-2.281381293571913,2
-4.384936489499085,-2.2825694686614453,2
-4.397700246855664,-2.284065383589078,2
-4.410512804050657,-2.2858699814570502,2
-4.423354304263497,-2.2879838867596956,2
-4.4362048608000055,-2.290407404738865,2
-4.4490445776184995,-2.2931405210688744,2
-4.461853569865535,-2.296182901871288,2
-4.474611984400116,-2.299533894059533,2
-4.4873000202851685,-2.3031925260129853,2
-0.19999999999999996,2.0,3
-0.20022317599522088,2.037792033852458,3
-0.20089264863919065,2.07557469628851,3
-0.20200825192054905,2.113338618215608,3
-0.20356970919943795,2.1510744351883537,3
-0.20557663327609865,2.188772789730627,3
-0.20802852648688996,2.2264243336559897,3
-0.21092478082769106,2.2640197303857903,3
-0.2142646781046753,2.3015496572643834,3
-0.21804739011239915,2.3390048078709,3
-0.22227197883917738,2.3763758943269933,3
-0.22693739669968327,2.4136536495999823,3
-0.23204248679472417,2.4508288298008307,3
-0.23758598319811886,2.487892216476385,3
-0.24356651127061557,2.524834618895302,3
-0.24998258800076467,2.56164687632711,3
-0.2568326223726667,2.5983198603138207,3
-0.26411491576050117,2.634844476933547,3
-0.2718276623497409,2.6712116690555505,3
-0.27996894958494645,2.7074124185861703,3
-0.2885367586440275,2.743437748705068,3
-0.2975289649388575,2.77927872609124,3
-0.3069433386421154,2.8149264631382462,3
-0.3167775452402233,2.8503721201580934,3
-0.32702914611224165,2.885606907573246,3
-0.33769559913458536,2.920622088096207,3
-0.3487742593113998,2.9554089788961306,3
-0.36026237943045114,2.989958953751934,3
-0.37215711074436086,3.0242634451913686,3
-0.38445550367701853,3.0583139466155265,3
-0.3971545085550001,3.0921020144082476,3
-0.4102509763638029,3.1256192700299152,3
-0.4237416595287189,3.1588574020951055,3
-0.4376232127201467,3.1918081684335933,3
-0.45189219368314304,3.2244633981341893,3
-0.4665450640910114,3.2568149935709068,3
-0.4815781904227112,3.288854932410958,3
-0.4969878448638756,3.3205752696040802,3
-0.5127702062312092,3.3519681393526923,3
-0.5289213609200394,3.383025757062408,3
-0.5454373038747868,3.413740421272402,3
-0.5623139395821115,3.4441045155651713,3
-0.579547083086491,3.474110510455202,3
-0.5971324610279789,3.5037509652560814,3
-0.6150657127018819,3.5330185299255867,3
-0.6333423911401002,3.561905946888305,3
-0.6519579642138562,3.5904060528353128,3
-0.6709078157575419,3.61851178050049,3
-0.6901872467134045,3.6462161604130117,3
-0.7097914762967874,3.673512322625589,3
-0.7297156431816376,3.700393498418036,3
-0.749954806705984,3.7268530219757317,3
-0.7705039480970921,3.752884332042559,3
-0.7913579717159822,3.77848097354793,3
-0.8125117063210152,3.803636599207463,3
-0.8339599063502205,3.828344971096946,3
-0.8556972532220575,3.8525999621991702,3
-0.8777183566542797,3.8763955579232716,3
-0.900017756000582,3.899725857596186,3
-0.9225899216046958,3.92258507592586,3
-0.9454292561715956,3.9449675444358476,3
-0.9685300961554788,3.9668677128709433,3
-0.9918867131641744,3.9882801505734964,3
-1.0154933153796317,4.009199547830068,3
-1.0393440489941357,4.029620717188101,3
-1.0634329996618965,4.049538594742268,3
-1.0877541939656483,4.068948241390183,3
-1.112301600897898,4.087844844057171,3
-1.1370691333564542,4.106223716889782,3
-1.1620506496538665,4.124080302417754,3
-1.1872399550403991,4.141410172684145,3
-1.2126308032401654,4.158209030343352,3
-1.2382168980000348,4.174472709726734,3
-1.26399189465094,4.190197177875589,3
-1.289949401681181,4.205378535541219,3
-1.316082982321352,4.220013018151838,3
-1.3423861561404888,4.23409699674609,3
-1.3688524006530418,4.2476269788729315,3
-1.3954751529362794,4.260599609457666,3
-1.422247811257716,4.273011671633914,3
-1.4491637367121681,4.284860087541311,3
-1.476216254868024,4.296141919088732,3
-1.5033986574223246,4.3068543686828615,3
-1.5307042038642455,4.316994779921922,3
-1.5581261231465613,4.326560638254394,3
-1.5856576153646875,4.335549571602547,3
-1.6132918534428726,4.343959350950667,3
-1.641021984827134,4.3517878908977785,3
-1.6688411331845048,4.359033250174779,3
-1.6967424001081841,4.365693632125815,3
-1.7247188668281574,4.371767385153809,3
-1.752763595926865,4.377253003130008,3
-1.7808696330594997,4.382149125767466,3
-1.8090300086784954,4.386454538958359,3
-1.837237739761792,4.3901681750750505,3
-1.865485831544436,4.393289113234832,3
-1.8937672792530988,4.395816579528282,3
-1.9220750698430702,4.397749947211173,3
-1.9504021837373082,4.399088736859884,3
-1.978741596567108,4.399832616490292,3
-2.0070862809139554,4.399981401640089,3
-2.035429208052141,4.399535055414527,3
-2.0637633496916967,4.398493688495565,3
-2.0920816797212236,4.396857559114421,3
-2.12037717595018,4.3946270729875465,3
-2.1486428218501983,4.391802783216008,3
-2.176871608294995,4.388385390148338,3
-2.20505653529845,4.3843757412068705,3
-2.2331906137504145,4.379774830677597,3
-2.2612668671498226,4.374583799463613,3
-2.289278333334682,4.368803934802207,3
-2.3172180662084987,4.36243666994565,3
-2.3450791374627293,4.355483583805803,3
-2.372854638294811,4.347946400562574,3
-2.400537681121366,4.339826989236377,3
-2.4281214012861345,4.331127363224659,3
-2.4555989587622276,4.321849679802636,3
-2.4829635398482726,4.31199623958834,3
-2.510208358858027,4.301569485972136,3
-2.53732665980305,4.2905720045108175,3
-2.5643117180680064,4.279006522286464,3
-2.59115684207819,4.26687590723019,3
-2.61785537495886,4.254183167410984,3
-2.6444006961859636,4.24093145028978,3
-2.6707862232278536,4.227124041938975,3
-2.6970054131775774,4.212764366227569,3
-2.723051764375345,4.197855983972138,3
-2.748918818020767,4.182402592053844,3
-2.774600159774465,4.166408022501711,3
-2.800089421348656,4.1498762415423815,3
-2.8253802820863188,4.132811348616597,3
-2.850466470528547,4.11521757536265,3
-2.875341765969706,4.097099284567047,3
-2.8999999999999995,4.078460969082653,3
-2.924435058035072,4.059307250714587,3
-2.9486408808322615,4.03964287907414,3
-2.9726114659931318,4.01947273040099,3
-2.996340869451906,3.9988018063540274,3
-3.019823206949436,3.9776352327710844,3
-3.043052655492343,3.9559782583978547,3
-3.066023454796963,3.933836253586348,3
-3.0887299087177476,3.911214708963186,3
-3.111166386659747,3.8881192340680752,3
-3.133327324974859,3.864555555962787,3
-3.1552072283414567,3.840529517811002,3
-3.1768006711270855,3.816047077429359,3
-3.1981022987338745,3.791114305810079,3
-3.219106828926334,3.765737385615516,3
-3.239809053141208,3.739922609645026,3
-3.2602038377790605,3.7136763792745193,3
-3.2802861254772706,3.6870052028690883,3
-3.300050936364124,3.6599156941691087,3
-3.3194933692936877,3.6324145706502065,3
-3.3386086030611617,3.6045086518575067,3
-3.357391897598413,3.5762048577145626,3
-3.3758385951493857,3.547510206807404,3
-3.393944121425095,3.518431814644113,3
-3.4117039867379355,3.488976891890368,3
-3.429113787115001,3.4591527425813906,3
-3.4461692053901505,3.4289667623107394,3
-3.462866012274554,3.398426436396404,3
-3.479200067405441,3.367539338024639,3
-3.4951673203728015,3.33631312637202,3
-3.510763811723776,3.3047555447061736,3
-3.5259856739445006,3.2728744184656495,3
-3.54082913241914,3.2406776533194215,3
-3.555290506365898,3.208173233206495,3
-3.5693662097497487,3.175369218356102,3
-3.58305275217168,3.1422737432889765,3
-3.5963467397342184,3.108895014800213,3
-3.609244875883025,3.0752413099242015,3
-3.6217439622243544,3.0413209738821396,3
-3.6338408993181677,3.007142418012643,3
-3.6455326874467175,2.9727141176859577,3
-3.6568164273583883,2.938044610202295,3
-3.667689320986643,2.9031424926748057,3
-3.6781486721438634,2.868016419897727,3
-3.6881918871899337,2.8326751022002283,3
-3.6978164756753946,2.7971273032864747,3
-3.7070200509590094,2.761381838062466,3
-3.715800330799585,2.725447570450176,3
-3.7241551379219073,2.6893334111895353,3
-3.732082400556651,2.6530483156288045,3
-3.739580152954117,2.6166012815038866,3
-3.746646535871691,2.58000134670713,3
-3.753279797034884,2.5432575870461727,3
-3.75947829157185,2.5063791139933818,3
-3.7652404824212686,2.469375072426451,3
-3.7705649407135002,2.43225463836072,3
-3.7754503461249005,2.3950270166737617,3
-3.7798954872052315,2.3577014388228195,3
-3.783899261678066,2.320287160555652,3
-3.7874606767141232,2.28279345961536,3
-3.790578849177464,2.2452296334397435,3
-3.7932530058444858,2.2076049968557916,3
-3.79548248359566,2.1699288797698566,3
-3.7972667295799694,2.1322106248540775,3
-3.7986053013519983,2.0944595852296533,3
-3.7994978669816497,2.0566851221475146,3
-3.799944205136454,2.018896602666989,3
-3.799944205136454,1.9811033973330117,3
-3.7994978669816497,1.943314877852485,3
-3.7986053013519983,1.9055404147703474,3
-3.7972667295799694,1.8677893751459231,3
-3.79548248359566,1.830071120230144,3
-3.7932530058444858,1.792395003144208,3
-3.7905788491774643,1.7547703665602572,3
-3.7874606767141232,1.7172065403846408,3
-3.783899261678066,1.6797128394443483,3
-3.7798954872052315,1.6422985611771812,3
-3.7754503461249005,1.604972983326239,3
-3.7705649407135002,1.5677453616392802,3
-3.7652404824212686,1.5306249275735486,3
-3.75947829157185,1.4936208860066191,3
-3.7532797970348843,1.456742412953828,3
-3.746646535871691,1.419998653292871,3
-3.739580152954117,1.3833987184961138,3
-3.732082400556651,1.346951684371196,3
-3.724155137921908,1.310666588810465,3
-3.715800330799585,1.2745524295498236,3
-3.7070200509590094,1.2386181619375343,3
-3.6978164756753946,1.2028726967135261,3
-3.6881918871899337,1.167324897799772,3
-3.6781486721438634,1.1319835801022724,3
-3.6676893209866432,1.0968575073251952,3
-3.6568164273583887,1.0619553897977057,3
-3.645532687446717,1.0272858823140418,3
-3.633840899318168,0.9928575819873573,3
-3.6217439622243544,0.9586790261178608,3
-3.6092448758830256,0.9247586900757989,3
-3.5963467397342184,0.8911049851997865,3
-3.58305275217168,0.8577262567110235,3
-3.569366209749749,0.8246307816438985,3
-3.555290506365898,0.7918267667935046,3
-3.54082913241914,0.759322346680579,3
-3.5259856739445006,0.7271255815343514,3
-3.510763811723777,0.6952444552938268,3
-3.4951673203728015,0.66368687362798,3
-3.4792000674054417,0.6324606619753617,3
-3.4628660122745547,0.6015735636035968,3
-3.4461692053901505,0.5710332376892602,3
-3.429113787115001,0.5408472574186098,3
-3.411703986737936,0.5110231081096326,3
-3.393944121425095,0.4815681853558873,3
-3.3758385951493857,0.45248979319259597,3
-3.3573918975984136,0.4237951422854378,3
-3.3386086030611617,0.39549134814249376,3
-3.319493369293688,0.367585429349794,3
-3.3000509363641246,0.34008430583089133,3
-3.2802861254772715,0.31299479713091216,3
-3.260203837779061,0.2863236207254811,3
-3.239809053141208,0.2600773903549731,3
-3.219106828926334,0.23426261438448392,3
-3.198102298733875,0.2088856941899211,3
-3.1768006711270864,0.1839529225706409,3
-3.1552072283414567,0.15947048218899784,3
-3.133327324974859,0.1354444440372129,3
-3.1111663866597477,0.1118807659319252,3
-3.088729908717748,0.08878529103681432,3
-3.066023454796965,0.06616374641365308,3
-3.0430526554923425,0.04402174160214489,3
-3.019823206949436,0.022364767228915117,3
-2.996340869451906,0.0011981936459721787,3
-2.972611465993132,-0.019472730400989402,3
-2.948640880832262,-0.03964287907413988,3
-2.9244350580350726,-0.05930725071458731,3
-2.9000000000000004,-0.07846096908265165,3
-2.875341765969706,-0.09709928456704686,3
-2.8504664705285467,-0.11521757536265032,3
-2.8253802820863188,-0.1328113486165967,3
-2.8000894213486562,-0.14987624154238066,3
-2.774600159774465,-0.16640802250171038,3
-2.7489188180207673,-0.18240259205384302,3
-2.723051764375346,-0.19785598397213677,3
-2.697005413177577,-0.21276436622756956,3
-2.6707862232278536,-0.22712404193897529,3
-2.6444006961859636,-0.24093145028978036,3
-2.61785537495886,-0.25418316741098357,3
-2.5911568420781905,-0.26687590723018983,3
-2.564311718068007,-0.2790065222864633,3
-2.537326659803051,-0.29057200451081755,3
-2.5102083588580264,-0.3015694859721365,3
-2.482963539848272,-0.31199623958834,3
-2.4555989587622276,-0.32184967980263535,3
-2.4281214012861345,-0.33112736322465874,3
-2.4005376811213663,-0.3398269892363768,3
-2.3728546382948115,-0.3479464005625741,3
-2.3450791374627302,-0.3554835838058028,3
-2.3172180662085,-0.3624366699456498,3
-2.289278333334682,-0.3688039348022065,3
-2.261266867149823,-0.3745837994636134,3
-2.2331906137504145,-0.37977483067759676,3
-2.2050565352984504,-0.38437574120687046,3
-2.1768716082949955,-0.38838539014833806,3
-2.148642821850199,-0.3918027832160069,3
-2.120377175950181,-0.3946270729875465,3
-2.0920816797212236,-0.39685755911442167,3
-2.0637633496916967,-0.39849368849556477,3
-2.035429208052141,-0.3995350554145274,3
-2.007086280913956,-0.39998140164008866,3
-1.9787415965671085,-0.3998326164902921,3
-1.9504021837373091,-0.39908873685988366,3
-1.922075069843071,-0.3977499472111723,3
-1.8937672792530986,-0.3958165795282822,3
-1.865485831544436,-0.39328911323483196,3
-1.837237739761792,-0.3901681750750505,3
-1.8090300086784958,-0.3864545389583598,3
-1.7808696330595002,-0.3821491257674663,3
-1.752763595926866,-0.37725300313000787,3
-1.7247188668281583,-0.371767385153809,3
-1.696742400108184,-0.36569363212581507,3
-1.6688411331845046,-0.35903325017477883,3
-1.641021984827134,-0.3517878908977785,3
-1.613291853442873,-0.34395935095066665,3
-1.585657615364688,-0.3355495716025474,3
-1.5581261231465622,-0.3265606382543935,3
-1.5307042038642462,-0.3169947799219228,3
-1.5033986574223241,-0.3068543686828611,3
-1.4762162548680235,-0.29614191908873133,3
-1.4491637367121681,-0.28486008754131076,3
-1.4222478112577162,-0.27301167163391415,3
-1.3954751529362799,-0.2605996094576657,3
-1.3688524006530427,-0.2476269788729315,3
-1.3423861561404897,-0.2340969967460902,3
-1.3160829823213516,-0.2200130181518376,3
-1.2899494016811808,-0.20537853554121854,3
-1.26399189465094,-0.19019717787558976,3
-1.2382168980000352,-0.17447270972673534,3
-1.2126308032401656,-0.15820903034335254,3
-1.1872399550403996,-0.14141017268414569,3
-1.162050649653867,-0.12408030241775414,3
-1.1370691333564538,-0.10622371688978216,3
-1.1123016008978976,-0.0878448440571713,3
-1.0877541939656483,-0.06894824139018274,3
-1.063432999661897,-0.04953859474226752,3
-1.0393440489941361,-0.029620717188101775,3
-1.0154933153796324,-0.009199547830069044,3
-0.9918867131641753,0.011719849426502726,3
-0.9685300961554784,0.03313228712905669,3
-0.9454292561715953,0.055032455564152816,3
-0.922589921604696,0.07741492407413997,3
-0.9000177560005824,0.10027414240381383,3
-0.8777183566542801,0.12360444207672794,3
-0.8556972532220581,0.14740003780082933,3
-0.8339599063502214,0.17165502890305318,3
-0.8125117063210148,0.19636340079253722,3
-0.791357971715982,0.22151902645207056,3
-0.7705039480970921,0.2471156679574409,3
-0.7499548067059845,0.27314697802426835,3
-0.7297156431816381,0.29960650158196334,3
-0.7097914762967881,0.3264876773744101,3
-0.6901872467134054,0.35378383958698745,3
-0.6709078157575417,0.3814882194995102,3
-0.6519579642138562,0.40959394716468767,3
-0.6333423911401002,0.4380940531116959,3
-0.6150657127018819,0.46698147007441326,3
-0.5971324610279791,0.49624903474391857,3
-0.5795470830864917,0.525889489544797,3
-0.5623139395821122,0.5558954844348278,3
-0.5454373038747875,0.5862595787275966,3
-0.5289213609200392,0.6169742429375926,3
-0.5127702062312092,0.6480318606473077,3
-0.4969878448638756,0.6794247303959198,3
-0.4815781904227112,0.7111450675890416,3
-0.4665450640910116,0.7431850064290924,3
-0.4518921936831435,0.7755366018658099,3
-0.4376232127201469,0.8081918315664054,3
-0.4237416595287187,0.841142597904895,3
-0.4102509763638027,0.8743807299700852,3
-0.3971545085550001,0.9078979855917524,3
-0.38445550367701875,0.9416860533844735,3
-0.3721571107443611,0.9757365548086305,3
-0.3602623794304516,1.010041046248065,3
-0.34877425931140005,1.044591021103868,3
-0.33769559913458513,1.0793779119037934,3
-0.32702914611224143,1.1143930924267542,3
-0.3167775452402233,1.1496278798419066,3
-0.30694333864211565,1.1850735368617533,3
-0.2975289649388577,1.220721273908759,3
-0.2885367586440277,1.2565622512949313,3
-0.27996894958494667,1.2925875814138286,3
-0.2718276623497409,1.32878833094445,3
-0.26411491576050095,1.3651555230664534,3
-0.2568326223726667,1.4016801396861793,3
-0.24998258800076467,1.43835312367289,3
-0.24356651127061557,1.4751653811046974,3
-0.23758598319811908,1.5121077835236143,3
-0.2320424867947244,1.549171170199168,3
-0.22693739669968327,1.5863463504000181,3
-0.22227197883917738,1.6236241056730067,3
-0.21804739011239915,1.6609951921290997,3
-0.2142646781046753,1.6984503427356163,3
-0.21092478082769128,1.735980269614209,3
-0.20802852648688996,1.7735756663440094,3
-0.2055766332760991,1.8112272102693723,3
-0.20356970919943773,1.848925564811647,3
-0.20200825192054905,1.8866613817843922,3
-0.20089264863919065,1.9244253037114902,3
-0.20022317599522088,1.9622079661475413,3
-0.8999999999999999,5.2,3
-0.9004485697864435,5.2284116947883295,3
-0.9017938320016561,5.256795068181407,3
-0.9040344456590048,5.285121827015361,3
-0.9071681772660682,5.313363734560946,3
-0.9111919030510287,5.341492638670526,3
-0.9161016120765175,5.369480499840746,3
-0.9218924102378037,5.397299419162922,3
-0.9285585251413435,5.424921666133278,3
-0.9360933118588286,5.452319706295313,3
-0.9444892595509953,5.479466228686752,3
-0.953737998954592,5.506334173063702,3
-0.9638303107250425,5.532896756874893,3
-0.9747561346264904,5.559127501959107,3
-0.9865045795600589,5.585000260939189,3
-0.9990639344203378,5.610489243286315,3
-1.0124216797692658,5.635569041028555,3
-1.0265645003157793,5.660214654078095,3
-1.0414782981887845,5.68440151515186,3
-1.0571482069902212,5.708105514260726,3
-1.073558606614213,5.731303022742876,3
-1.0906931388175267,5.753970916817361,3
-1.1085347235258263,5.776086600634397,3
-1.1270655758594617,5.797628028799388,3
-1.1462672238618243,5.818573728348266,3
-1.166120526912595,5.8389028201521995,3
-1.1866056948075294,5.858595039730369,3
-1.207702307485766,5.8776307574500395,3
-1.2293893353849852,5.895990998093805,3
-1.251645160404135,5.913657459774501,3
-1.2744475974528244,5.930612532178919,3
-1.297773916565904,5.946839314122153,3
-1.3216008655611886,5.962321630395069,3
-1.3459046932177403,5.977044047888102,3
-1.3706611729515994,5.990991890975314,3
-1.3958456269653718,6.004151256143387,3
-1.4214329508475942,6.016509025850933,3
-1.4473976385973562,6.028052881604357,3
-1.4737138080492378,6.038771316237192,3
-1.500355226673215,6.048653645380694,3
-1.5272953377238145,6.057690018114256,3
-1.554507286712457,6.065871426785017,3
-1.581963948176595,6.073189715986888,3
-1.6096379527189628,6.079637590690037,3
-1.637501714289988,6.085208623512733,3
-1.6655274576861652,6.089897261128303,3
-1.6936872462369827,6.093698829800803,3
-1.7219530096528044,6.096609540043906,3
-1.7502965720059427,6.098626490398342,3
-1.7786896798170382,6.09974767032413,3
-1.807104030218742,6.099971962204741,3
-1.8355112991686275,6.099299142461149,3
-1.8638831696832143,6.097729881774705,3
-1.892191360064952,6.095265744418591,3
-1.9204076520940312,6.091909186698513,3
-1.9485039191569193,6.087663554504203,3
-1.9764521542835802,6.082533079974164,3
-2.004224498065431,6.076522877276984,3
-2.031793266426207,6.06963893751342,3
-2.05913097821805,6.061888122744337,3
-2.0862103826153144,6.053278159150459,3
-2.113004486278784,6.043817629330743,3
-2.1394865802632186,6.033515963747057,3
-2.16563026664141,6.022383431323693,3
-2.1914094848182137,6.010431129211076,3
-2.216798537508313,5.997670971723888,3
-2.241772116351834,5.9841156784646135,3
-2.2663053271422697,5.9697787616443705,3
-2.2903737146415635,5.954674512613639,3
-2.3139532869576254,5.9388179876163365,3
-2.3370205394599703,5.922224992781421,3
-2.3595524782096455,5.904912068367002,3
-2.3815266428800888,5.886896472272651,3
-2.4029211291460695,5.868196162836355,3
-2.4237146105183984,5.8488297809332455,3
-2.4438863596026343,5.828816631393976,3
-2.463416268760601,5.808176663761248,3
-2.482284870154121,5.786930452403668,3
-2.5004733551509775,5.765099176006773,3
-2.5179635930737674,5.742704596461653,3
-2.5347381492729593,5.71976903717223,3
-2.5507803025061255,5.696315360802797,3
-2.566074061606045,5.672366946488022,3
-2.580604181421043,5.647947666528115,3
-2.594356178011692,5.623081862592403,3
-2.607316343088717,5.597794321455021,3
-2.619471757677716,5.57211025028692,3
-2.630810304997074,5.54605525152881,3
-2.6413206825362385,5.519655297370086,3
-2.6509924133223004,5.492936703859191,3
-2.659815856363675,5.465926104671203,3
-2.6677822162604508,5.438650424558811,3
-2.6748835519718313,5.411136852513132,3
-2.681112784731943,5.3834128146611375,3
-2.6864637051060996,5.35550594692669,3
-2.6909309791805014,5.327444067482457,3
-2.694510153879199,5.299255149020148,3
-2.697197661403014,5.270967290866729,3
-2.6989908227859996,5.242608690974403,3
-2.699887850565892,5.214207617812273,3
-2.699887850565892,5.185792382187727,3
-2.6989908227859996,5.1573913090255985,3
-2.6971976614030138,5.129032709133272,3
-2.694510153879199,5.1007448509798525,3
-2.6909309791805014,5.0725559325175436,3
-2.6864637051060996,5.0444940530733104,3
-2.681112784731943,5.016587185338864,3
-2.6748835519718313,4.988863147486868,3
-2.6677822162604508,4.961349575441189,3
-2.6598158563636756,4.9340738953287975,3
-2.6509924133223004,4.90706329614081,3
-2.6413206825362385,4.880344702629914,3
-2.6308103049970746,4.85394474847119,3
-2.619471757677716,4.82788974971308,3
-2.6073163430887174,4.802205678544979,3
-2.594356178011692,4.7769181374075975,3
-2.5806041814210428,4.752052333471886,3
-2.566074061606045,4.727633053511979,3
-2.550780302506126,4.703684639197204,3
-2.5347381492729593,4.680230962827771,3
-2.517963593073768,4.657295403538347,3
-2.500473355150977,4.6349008239932274,3
-2.482284870154121,4.613069547596332,3
-2.4634162687606014,4.591823336238752,3
-2.4438863596026343,4.571183368606024,3
-2.423714610518399,4.551170219066755,3
-2.4029211291460695,4.531803837163645,3
-2.381526642880089,4.513103527727349,3
-2.3595524782096455,4.495087931632998,3
-2.3370205394599703,4.47777500721858,3
-2.3139532869576254,4.461182012383664,3
-2.2903737146415635,4.445325487386361,3
-2.2663053271422697,4.43022123835563,3
-2.2417721163518345,4.415884321535387,3
-2.216798537508313,4.402329028276112,3
-2.1914094848182137,4.389568870788924,3
-2.16563026664141,4.3776165686763076,3
-2.1394865802632186,4.366484036252944,3
-2.113004486278784,4.3561823706692575,3
-2.086210382615314,4.346721840849542,3
-2.05913097821805,4.338111877255663,3
-2.031793266426207,4.33036106248658,3
-2.0042244980654313,4.323477122723016,3
-1.9764521542835802,4.317466920025836,3
-1.9485039191569191,4.312336445495798,3
-1.9204076520940314,4.3080908133014875,3
-1.8921913600649518,4.304734255581409,3
-1.8638831696832145,4.302270118225295,3
-1.8355112991686275,4.300700857538852,3
-1.8071040302187424,4.3000280377952596,3
-1.7786896798170386,4.300252329675869,3
-1.7502965720059425,4.3013735096016585,3
-1.7219530096528044,4.303390459956094,3
-1.6936872462369827,4.306301170199197,3
-1.6655274576861656,4.310102738871698,3
-1.6375017142899881,4.314791376487268,3
-1.6096379527189626,4.320362409309963,3
-1.5819639481765955,4.326810284013113,3
-1.554507286712457,4.334128573214984,3
-1.5272953377238148,4.3423099818857445,3
-1.500355226673215,4.351346354619307,3
-1.4737138080492378,4.361228683762809,3
-1.4473976385973564,4.371947118395643,3
-1.421432950847594,4.383490974149067,3
-1.3958456269653723,4.395848743856614,3
-1.3706611729515994,4.409008109024686,3
-1.34590469321774,4.4229559521118995,3
-1.321600865561189,4.437678369604932,3
-1.297773916565904,4.453160685877847,3
-1.2744475974528247,4.469387467821081,3
-1.251645160404135,4.4863425402254995,3
-1.2293893353849852,4.504009001906195,3
-1.2077023074857662,4.522369242549961,3
-1.1866056948075294,4.541404960269631,3
-1.1661205269125952,4.561097179847801,3
-1.1462672238618246,4.581426271651734,3
-1.127065575859462,4.602371971200611,3
-1.1085347235258263,4.623913399365604,3
-1.0906931388175267,4.646029083182639,3
-1.0735586066142133,4.668696977257124,3
-1.0571482069902214,4.691894485739274,3
-1.0414782981887847,4.71559848484814,3
-1.0265645003157793,4.739785345921906,3
-1.0124216797692658,4.764430958971445,3
-0.999063934420338,4.789510756713685,3
-0.9865045795600589,4.814999739060811,3
-0.9747561346264904,4.840872498040893,3
-0.9638303107250428,4.867103243125108,3
-0.953737998954592,4.893665826936299,3
-0.9444892595509955,4.920533771313248,3
-0.9360933118588286,4.947680293704687,3
-0.9285585251413435,4.975078333866723,3
-0.9218924102378037,5.002700580837078,3
-0.9161016120765175,5.030519500159254,3
-0.9111919030510287,5.058507361329474,3
-0.907168177266068,5.086636265439054,3
-0.9040344456590048,5.114878172984639,3
-0.9017938320016561,5.143204931818594,3
-0.9004485697864435,5.171588305211671,3
-1.1,6.0,3
-1.1081632653061224,6.012244897959183,3
-1.1163265306122447,6.024489795918367,3
-1.1244897959183673,6.036734693877551,3
-1.1326530612244898,6.048979591836735,3
-1.1408163265306124,6.061224489795919,3
-1.1489795918367347,6.073469387755102,3
-1.157142857142857,6.085714285714285,3
-1.1653061224489796,6.097959183673469,3
-1.1734693877551021,6.110204081632653,3
-1.1816326530612244,6.122448979591837,3
-1.1897959183673468,6.134693877551021,3
-1.1979591836734693,6.146938775510204,3
-1.2061224489795919,6.159183673469387,3
-1.2142857142857144,6.171428571428571,3
-1.2224489795918367,6.183673469387755,3
-1.230612244897959,6.195918367346939,3
-1.2387755102040816,6.208163265306123,3
-1.2469387755102042,6.220408163265306,3
-1.2551020408163265,6.2326530612244895,3
-1.2632653061224488,6.244897959183673,3
-1.2714285714285714,6.257142857142857,3
-1.279591836734694,6.269387755102041,3
-1.2877551020408164,6.281632653061225,3
-1.2959183673469388,6.293877551020408,3
-1.304081632653061,6.3061224489795915,3
-1.3122448979591836,6.318367346938775,3
-1.3204081632653062,6.330612244897959,3
-1.3285714285714285,6.342857142857143,3
-1.336734693877551,6.355102040816327,3
-1.3448979591836734,6.36734693877551,3
-1.353061224489796,6.3795918367346935,3
-1.3612244897959183,6.391836734693878,3
-1.3693877551020408,6.404081632653061,3
-1.3775510204081631,6.4163265306122454,3
-1.3857142857142857,6.428571428571429,3
-1.3938775510204082,6.440816326530612,3
-1.4020408163265305,6.453061224489796,3
-1.410204081632653,6.46530612244898,3
-1.4183673469387754,6.477551020408163,3
-1.426530612244898,6.4897959183673475,3
-1.4346938775510205,6.502040816326531,3
-1.4428571428571428,6.514285714285714,3
-1.4510204081632652,6.526530612244898,3
-1.4591836734693877,6.538775510204082,3
-1.4673469387755103,6.551020408163265,3
-1.4755102040816326,6.5632653061224495,3
-1.4836734693877551,6.575510204081633,3
-1.4918367346938775,6.587755102040816,3
-1.5,6.6,3
-1.5081632653061225,6.587755102040816,3
-1.5163265306122449,6.575510204081633,3
-1.5244897959183674,6.5632653061224495,3
-1.5326530612244897,6.551020408163265,3
-1.5408163265306123,6.538775510204082,3
-1.5489795918367348,6.526530612244898,3
-1.5571428571428572,6.514285714285714,3
-1.5653061224489795,6.502040816326531,3
-1.573469387755102,6.4897959183673475,3
-1.5816326530612246,6.477551020408163,3
-1.589795918367347,6.46530612244898,3
-1.5979591836734695,6.453061224489796,3
-1.6061224489795918,6.440816326530612,3
-1.6142857142857143,6.428571428571429,3
-1.6224489795918366,6.4163265306122454,3
-1.6306122448979592,6.404081632653061,3
-1.6387755102040815,6.391836734693878,3
-1.646938775510204,6.3795918367346935,3
-1.6551020408163266,6.36734693877551,3
-1.663265306122449,6.355102040816327,3
-1.6714285714285715,6.342857142857143,3
-1.6795918367346938,6.330612244897959,3
-1.6877551020408164,6.318367346938776,3
-1.695918367346939,6.3061224489795915,3
-1.7040816326530612,6.293877551020408,3
-1.7122448979591836,6.281632653061225,3
-1.720408163265306,6.269387755102041,3
-1.7285714285714286,6.257142857142857,3
-1.736734693877551,6.244897959183674,3
-1.7448979591836733,6.2326530612244895,3
-1.7530612244897958,6.220408163265306,3
-1.7612244897959184,6.208163265306123,3
-1.769387755102041,6.195918367346939,3
-1.7775510204081633,6.183673469387755,3
-1.7857142857142856,6.171428571428572,3
-1.7938775510204081,6.159183673469387,3
-1.8020408163265307,6.146938775510204,3
-1.810204081632653,6.134693877551021,3
-1.8183673469387756,6.122448979591837,3
-1.8265306122448979,6.110204081632653,3
-1.8346938775510204,6.09795918367347,3
-1.842857142857143,6.085714285714285,3
-1.8510204081632653,6.073469387755102,3
-1.8591836734693876,6.061224489795919,3
-1.8673469387755102,6.048979591836735,3
-1.8755102040816327,6.036734693877551,3
-1.883673469387755,6.024489795918368,3
-1.8918367346938776,6.012244897959183,3
-1.9,6.0,3
-1.883673469387755,6.0,3
-1.8673469387755102,6.0,3
-1.8510204081632653,6.0,3
-1.8346938775510204,6.0,3
-1.8183673469387756,6.0,3
-1.8020408163265307,6.0,3
-1.7857142857142856,6.0,3
-1.769387755102041,6.0,3
-1.7530612244897958,6.0,3
-1.736734693877551,6.0,3
-1.720408163265306,6.0,3
-1.7040816326530612,6.0,3
-1.6877551020408164,6.0,3
-1.6714285714285715,6.0,3
-1.6551020408163266,6.0,3
-1.6387755102040815,6.0,3
-1.6224489795918369,6.0,3
-1.6061224489795918,6.0,3
-1.589795918367347,6.0,3
-1.573469387755102,6.0,3
-1.5571428571428572,6.0,3
-1.5408163265306123,6.0,3
-1.5244897959183672,6.0,3
-1.5081632653061225,6.0,3
-1.4918367346938775,6.0,3
-1.4755102040816328,6.0,3
-1.4591836734693877,6.0,3
-1.4428571428571428,6.0,3
-1.426530612244898,6.0,3
-1.410204081632653,6.0,3
-1.3938775510204082,6.0,3
-1.3775510204081634,6.0,3
-1.3612244897959185,6.0,3
-1.3448979591836734,6.0,3
-1.3285714285714287,6.0,3
-1.3122448979591836,6.0,3
-1.2959183673469388,6.0,3
-1.279591836734694,6.0,3
-1.263265306122449,6.0,3
-1.2469387755102042,6.0,3
-1.230612244897959,6.0,3
-1.2142857142857144,6.0,3
-1.1979591836734693,6.0,3
-1.1816326530612247,6.0,3
-1.1653061224489796,6.0,3
-1.1489795918367347,6.0,3
-1.1326530612244898,6.0,3
-1.1163265306122447,6.0,3
-1.9081632653061225,6.012244897959183,3
-1.916326530612245,6.024489795918367,3
-1.9244897959183673,6.036734693877551,3
-1.9326530612244899,6.048979591836735,3
-1.9408163265306122,6.061224489795919,3
-1.9489795918367347,6.073469387755102,3
-1.957142857142857,6.085714285714285,3
-1.9653061224489796,6.097959183673469,3
-1.973469387755102,6.110204081632653,3
-1.9816326530612245,6.122448979591837,3
-1.989795918367347,6.134693877551021,3
-1.9979591836734694,6.146938775510204,3
-2.0061224489795917,6.159183673469387,3
-2.0142857142857142,6.171428571428571,3
-2.022448979591837,6.183673469387755,3
-2.0306122448979593,6.195918367346939,3
-2.0387755102040814,6.208163265306123,3
-2.046938775510204,6.220408163265306,3
-2.0551020408163265,6.2326530612244895,3
-2.063265306122449,6.244897959183673,3
-2.0714285714285716,6.257142857142857,3
-2.0795918367346937,6.269387755102041,3
-2.0877551020408163,6.281632653061225,3
-2.095918367346939,6.293877551020408,3
-2.1040816326530614,6.3061224489795915,3
-2.1122448979591835,6.318367346938775,3
-2.120408163265306,6.330612244897959,3
-2.1285714285714286,6.342857142857143,3
-2.136734693877551,6.355102040816327,3
-2.144897959183673,6.36734693877551,3
-2.1530612244897958,6.3795918367346935,3
-2.1612244897959183,6.391836734693878,3
-2.169387755102041,6.404081632653061,3
-2.1775510204081634,6.4163265306122454,3
-2.1857142857142855,6.428571428571429,3
-2.193877551020408,6.440816326530612,3
-2.2020408163265306,6.453061224489796,3
-2.210204081632653,6.46530612244898,3
-2.2183673469387757,6.477551020408163,3
-2.226530612244898,6.4897959183673475,3
-2.2346938775510203,6.502040816326531,3
-2.242857142857143,6.514285714285714,3
-2.2510204081632654,6.526530612244898,3
-2.259183673469388,6.538775510204082,3
-2.26734693877551,6.551020408163265,3
-2.2755102040816326,6.5632653061224495,3
-2.283673469387755,6.575510204081633,3
-2.2918367346938777,6.587755102040816,3
-2.3,6.6,3
-2.3081632653061224,6.587755102040816,3
-2.316326530612245,6.575510204081633,3
-2.3244897959183675,6.5632653061224495,3
-2.33265306122449,6.551020408163265,3
-2.340816326530612,6.538775510204082,3
-2.3489795918367347,6.526530612244898,3
-2.357142857142857,6.514285714285714,3
-2.3653061224489798,6.502040816326531,3
-2.373469387755102,6.4897959183673475,3
-2.3816326530612244,6.477551020408163,3
-2.389795918367347,6.46530612244898,3
-2.3979591836734695,6.453061224489796,3
-2.406122448979592,6.440816326530612,3
-2.414285714285714,6.428571428571429,3
-2.4224489795918367,6.4163265306122454,3
-2.4306122448979592,6.404081632653061,3
-2.438775510204082,6.391836734693878,3
-2.446938775510204,6.3795918367346935,3
-2.4551020408163264,6.36734693877551,3
-2.463265306122449,6.355102040816327,3
-2.4714285714285715,6.342857142857143,3
-2.479591836734694,6.330612244897959,3
-2.487755102040816,6.318367346938776,3
-2.4959183673469387,6.3061224489795915,3
-2.5040816326530613,6.293877551020408,3
-2.5122448979591834,6.281632653061225,3
-2.520408163265306,6.269387755102041,3
-2.5285714285714285,6.257142857142857,3
-2.536734693877551,6.244897959183674,3
-2.5448979591836736,6.2326530612244895,3
-2.553061224489796,6.220408163265306,3
-2.561224489795918,6.208163265306123,3
-2.5693877551020408,6.195918367346939,3
-2.5775510204081633,6.183673469387755,3
-2.5857142857142854,6.171428571428572,3
-2.593877551020408,6.159183673469387,3
-2.6020408163265305,6.146938775510204,3
-2.610204081632653,6.134693877551021,3
-2.6183673469387756,6.122448979591837,3
-2.626530612244898,6.110204081632653,3
-2.6346938775510202,6.09795918367347,3
-2.642857142857143,6.085714285714285,3
-2.6510204081632653,6.073469387755102,3
-2.6591836734693874,6.061224489795919,3
-2.66734693877551,6.048979591836735,3
-2.6755102040816325,6.036734693877551,3
-2.683673469387755,6.024489795918368,3
-2.6918367346938776,6.012244897959183,3
-2.7,6.0,3
-2.683673469387755,6.0,3
-2.66734693877551,6.0,3
-2.6510204081632653,6.0,3
-2.6346938775510202,6.0,3
-2.6183673469387756,6.0,3
-2.6020408163265305,6.0,3
-2.5857142857142854,6.0,3
-2.5693877551020408,6.0,3
-2.553061224489796,6.0,3
-2.536734693877551,6.0,3
-2.520408163265306,6.0,3
-2.5040816326530613,6.0,3
-2.487755102040816,6.0,3
-2.4714285714285715,6.0,3
-2.4551020408163264,6.0,3
-2.438775510204082,6.0,3
-2.4224489795918367,6.0,3
-2.406122448979592,6.0,3
-2.389795918367347,6.0,3
-2.373469387755102,6.0,3
-2.357142857142857,6.0,3
-2.340816326530612,6.0,3
-2.3244897959183675,6.0,3
-2.3081632653061224,6.0,3
-2.2918367346938777,6.0,3
-2.2755102040816326,6.0,3
-2.259183673469388,6.0,3
-2.242857142857143,6.0,3
-2.226530612244898,6.0,3
-2.210204081632653,6.0,3
-2.1938775510204085,6.0,3
-2.1775510204081634,6.0,3
-2.1612244897959183,6.0,3
-2.144897959183673,6.0,3
-2.1285714285714286,6.0,3
-2.112244897959184,6.0,3
-2.095918367346939,6.0,3
-2.0795918367346937,6.0,3
-2.063265306122449,6.0,3
-2.0469387755102044,6.0,3
-2.0306122448979593,6.0,3
-2.0142857142857142,6.0,3
-1.9979591836734696,6.0,3
-1.9816326530612245,6.0,3
-1.9653061224489798,6.0,3
-1.9489795918367347,6.0,3
-1.9326530612244899,6.0,3
-1.916326530612245,6.0,3
-3.4,2.0,3
-3.3938839429762515,2.0072272575290913,3
-3.388386857925783,2.0144445683105934,3
-3.383507786373336,2.021641995863479,3
-3.379245131959396,2.0288096242292473,3
-3.375596662087882,2.0359375682067062,3
-3.372559510230525,2.04301598355501,3
-3.370130178885563,2.050035077154417,3
-3.368304543187697,2.056985117114284,3
-3.3670778551655807,2.0638564428178645,3
-3.366444748642452,2.0706394748935377,3
-3.3663992447748465,2.077324725102181,3
-3.3669347582236773,2.0839028061304847,3
-3.3680441039513074,2.090364441280089,3
-3.3697195046376085,2.0967004740425534,3
-3.37195259870734,2.102901877550271,3
-3.374734448960573,2.1089597638935738,3
-3.378055551797241,2.1148653932944117,3
-3.38190584702631,2.1206101831271376,3
-3.386274728249428,2.126185716777086,3
-3.3911510538083482,2.1315837523278063,3
-3.3965231582848214,2.1367962310679753,3
-3.4023788645410855,2.14181528580922,3
-3.4087054962885333,2.146633249006255,3
-3.4154898911715756,2.151242660670961,3
-3.422718414353201,2.1556362760722285,3
-3.430376972588208,2.1598070732136296,3
-3.4384510287695873,2.1637482600811877,3
-3.446925616933033,2.167453281653773,3
-3.4557853577041016,2.1709158266688835,3
-3.4650144741720768,2.174129834136835,3
-3.474596808174145,2.1770894995966232,3
-3.484515836973089,2.179789281107016,3
-3.494754690311272,2.1822239049666807,3
-3.50529616782332,2.1843883711574517,3
-3.516122756789525,2.186277958505109,3
-3.5272166502116407,2.1878882295523523,3
-3.538559765192426,2.1892150351389352,3
-3.5501337615999544,2.1902545186842284,3
-3.561920060997428,2.191003120167804,3
-3.5738998658189614,2.191457579803916,3
-3.586054178771537,2.1916149414060997,3
-3.598363822443111,2.1914725554384047,3
-3.6108094590966315,2.1910280817501224,3
-3.6233716106295333,2.190279491991178,3
-3.636030678678112,2.189225071705697,3
-3.6487669648460272,2.1878634221015867,3
-3.661560691036054,2.1861934614943004,3
-3.6743920198640985,2.1842144264233037,3
-3.687241075134404,2.1819258724400816,3
-3.7000879623548215,2.179327674566876,3
-3.712912789270959,2.1764200274256824,3
-3.7256956863980255,2.173203445037372,3
-3.738416827529173,2.1696787602911405,3
-3.751056450199166,2.1658471240848427,3
-3.7635948760822626,2.161710004137088,3
-3.776012531303251,2.1572691834723305,3
-3.7882899666406735,2.152526758580518,3
-3.800407877601395,2.1474851372531925,3
-3.8123471243457843,2.142147036098282,3
-3.82408875144295,2.136515477736147,3
-3.8356140074356366,2.130593787679775,3
-3.8469043641945957,2.1243855909023424,3
-3.8579415360424356,2.1178948080956905,3
-3.8687074986272383,2.1111256516235737,3
-3.8791845075264364,2.1040826211738533,3
-3.8893551165617697,2.096770499114137,3
-3.8992021958064,2.0891943455556445,3
-3.9087089492656117,2.0813594931303987,3
-3.9178589322128445,2.0732715414871388,3
-3.9266360681631554,2.064936351511624,3
-3.93502466546661,2.0563600392773096,3
-3.943009433504457,2.047548969732621,3
-3.9505754984713835,2.0385097501313583,3
-3.9577084187275475,2.029249223213003,3
-3.964394199704559,2.0197744601399625,3
-3.9706193083500096,2.010092753199056,3
-3.9763706870956446,2.0002116082747565,3
-3.9816357673347715,1.9901387371019776,3
-3.9864024823949764,1.979882049306382,3
-3.990659279992773,1.9694496442404426,3
-3.9943951341573225,1.9588498026236743,3
-3.9975995566109193,1.948090977995667,3
-4.000262607594491,1.9371817879907436,3
-4.002374906126952,1.926131005443245,3
-4.003927639687802,1.914947549332627,3
-4.004912573312997,1.903640475577711,3
-4.005322058094686,1.8922189676895955,3
-4.005149039076052,1.8806923272928697,3
-4.004387062533106,1.869069964524917,3
-4.003030282635913,1.857361388323218,3
-4.001073467482382,1.8455761966106752,3
-3.998512004498384,1.8337240663890917,3
-3.99534190519864,1.8218147437510286,3
-3.9915598093034386,1.8098580338203492,3
-3.987162988206963,1.7978637906318358,3
-3.9821493477936247,1.7858419069603213,3
-3.976517430599513,1.7738023041098354,3
-3.9702664173167195,1.7617549216733048,3
-3.963396127638989,1.7497097072733772,3
-3.955907020447823,1.7376766062949547,3
-3.9478001933388436,1.7256655516200397,3
-3.9390773814889073,1.7136864533754848,3
-3.9297409558651384,1.7017491887042298,3
-3.9197939207777286,1.6898635915705802,3
-3.9092399107790303,1.6780394426100589,3
-3.8980831869121437,1.6662864590342947,3
-3.88632863231287,1.6546142846013772,3
-3.8739817471695703,1.643032479662028,3
-3.861048643046132,1.6315505112918585,3
-3.8475360365739015,1.6201777435199025,3
-3.833451242519095,1.6089234276635107,3
-3.818802166232845,1.5977966927795775,3
-3.8035972954916697,1.5868065362419617,3
-3.7878456917367935,1.575961814454824,3
-3.7715569807213556,1.565271233711465,3
-3.754741342575164,1.5547433412081026,3
-3.737409501297248,1.5443865162218608,3
-3.7195727136870556,1.5342089614620769,3
-3.7012427577257148,1.5242186946038527,3
-3.682431920419363,1.5144235400125914,3
-3.6631529851170805,1.5048311206680578,3
-3.643419218316523,1.495448850296299,3
-3.6232443559708694,1.4862839257175484,3
-3.6026425893112255,1.4773433194180097,3
-3.5816285501991043,1.468633772353184,3
-3.560217296024112,1.4601617869901777,3
-3.5384242941624273,1.4519336205961637,3
-3.516265406012103,1.443955278779925,3
-3.4937568706216857,1.4362325092931512,3
-3.4709152879290404,1.428770796097882,3
-3.4477576016276776,1.4215753537062186,3
-3.424301081678278,1.4146511217981552,3
-3.400563306483457,1.408002760123073,3
-3.3765621447441685,1.401634643690167,3
-3.35231573701648,1.3955508582527711,3
-3.327842476987751,1.3897551960912358,3
-3.303160992491538,1.3842511520987146,3
-3.2782901262808286,1.3790419201739041,3
-3.2532489165794427,1.374130389924451,3
-3.2280565774316834,1.3695191436844352,3
-3.2027324788705087,1.3652104538490093,3
-3.1772961269246975,1.3612062805289382,3
-3.1517671434856593,1.3575082695274656,3
-3.1261652460546374,1.3541177506415953,3
-3.100510227391248,1.3510357362895367,3
-3.0748219350843233,1.3482629204657337,3
-3.0491202510661766,1.3457996780245591,3
-3.023425071091408,1.3436460642934056,3
-2.997756284201456,1.3418018150155795,3
-2.972133752196063,1.3402663466230553,3
-2.9465772891328754,1.339038756838806,3
-2.921106640876305,1.3381178256080906,3
-2.895741464716784,1.3375020163577376,3
-2.8705013090814466,1.337189477582122,3
-2.8454055933571625,1.3371780447542025,3
-2.8204735878467684,1.3374652425596434,3
-2.795724393879173,1.3380482874517172,3
-2.7711769240938744,1.3389240905243487,3
-2.746849882920222,1.340089260700339,3
-2.7227617472715986,1.3415401082314726,3
-2.6989307474744213,1.3432726485069033,3
-2.675374848451662,1.3452826061658787,3
-2.652111731180308,1.3475654195105662,3
-2.6291587744418905,1.3501162452144209,3
-2.6065330368849358,1.352929963321237,3
-2.584251239417831,1.356001182529726,3
-2.5623297479502978,1.359324245758161,3
-2.540784556501273,1.3628932359833485,3
-2.5196312706906436,1.3667019823479003,3
-2.4988850916318617,1.370744066529499,3
-2.478560800242077,1.3750128293655874,3
-2.458672741985975,1.3795013777266398,3
-2.4392348120690657,1.3842025916309237,3
-2.420260441095715,1.389109131593408,3
-2.4017625812067043,1.3942134462012328,3
-2.3837536927106524,1.3995077799079165,3
-2.366245731223068,1.4049841810382682,3
-2.349250135326337,1.410634509995726,3
-2.3327778147633507,1.416450447663666,3
-2.316839139176996,1.422423503991998,3
-2.301443927407093,1.428545026760195,3
-2.2866014373558583,1.4348062105077033,3
-2.2723203564323358,1.4411981056225236,3
-2.2586087925856644,1.447711627578576,3
-2.2454742659364375,1.4543375663123157,3
-2.2329237010147893,1.4610665957289273,3
-2.2209634196132253,1.4678892833282757,3
-2.2095991342615653,1.4747960999406866,3
-2.198835942330743,1.4817774295625044,3
-2.1886783207715377,1.488823579281275,3
-2.1791301214936825,1.495924789280311,3
-2.170194567390101,1.5030712429123119,3
-2.1618742490103933,1.510253076831644,3
-2.154171121886992,1.5174603911748155,3
-2.1470865045167535,1.5246832597786493,3
-2.14062107700007,1.5319117404255969,3
-2.1347748803389006,1.5391358851056247,3
-2.1295473163944516,1.5463457502840792,3
-2.124937148504545,1.5535314071649315,3
-2.1209425027600477,1.5606829519388108,3
-2.117560869939026,1.567790516005247,3
-2.1147891080966486,1.5748442761585724,3
-2.112623445808153,1.5818344647269702,3
-2.111059486061532,1.5887513796542012,3
-2.110092210795919,1.5955853945136071,3
-2.1097159860809933,1.602326968444053,3
-2.1099245679320595,1.6089666559975506,3
-2.1107111087547876,1.615495116888404,3
-2.1120681644129795,1.621903125633808,3
-2.113987701912051,1.6281815810759563,3
-2.116461107690309,1.6343215157758246,3
-2.119479196509463,1.6403141052689358,3
-2.1230322209351926,1.6461506771735555,3
-2.1271098813979856,1.6518227201419122,3
-2.1317013368238675,1.657321892645208,3
-2.136795215824044,1.6626400315833494,3
-2.14237962843191,1.6677691607105127,3
-2.1484421783753085,1.6727014988678457,3
-2.1549699758713783,1.6774294680148136,3
-2.1619496509307736,1.681945701050891,3
-2.1693673671575366,1.6862430494195362,3
-2.177208836030368,1.6903145904865902,3
-2.1854593316505637,1.6941536346854948,3
-2.194103705941387,1.697753732421943,3
-2.2031264042831986,1.701108680730847,3
-2.212511481568197,1.7042125296787445,3
-2.2222426186582016,1.7070595885050368,3
-2.2323031392284984,1.7096444314957244,3
-2.2426760269803467,1.7119619035835696,3
-2.253343943204401,1.714007125668915,3
-2.2642892446769034,1.7157754996556576,3
-2.2754940018701846,1.7172627131971858,3
-2.28694001745867,1.7184647441473797,3
-2.298608845101301,1.7193778647120803,3
-2.3104818084809717,1.7199986452967402,3
-2.322540020581339,1.7203239580462908,3
-2.3347644031811075,1.720350980073564,3
-2.3471357065456626,1.7200771963729453,3
-2.3596345292957395,1.7195004024162404,3
-2.3722413384326027,1.7186187064280871,3
-2.384936489499085,1.7174305313385547,3
-2.3977002468556643,1.7159346164109222,3
-2.410512804050657,1.7141300185429498,3
-2.4233543042634964,1.7120161132403044,3
-2.436204860800006,1.7095925952611348,3
-2.4490445776185,1.7068594789311256,3
-2.461853569865535,1.7038170981287122,3
-2.4746119844001164,1.700466105940467,3
-2.487300020285168,1.6968074739870147,3
1.8,-1.0,4
1.7997768240047791,-0.9622079661475416,4
1.7991073513608093,-0.9244253037114902,4
1.797991748079451,-0.886661381784392,4
1.796430290800562,-0.8489255648116463,4
1.7944233667239013,-0.8112272102693734,4
1.79197147351311,-0.7735756663440105,4
1.789075219172309,-0.7359802696142097,4
1.7857353218953247,-0.6984503427356166,4
1.7819526098876008,-0.6609951921290997,4
1.7777280211608226,-0.6236241056730065,4
1.7730626033003167,-0.5863463504000177,4
1.7679575132052758,-0.5491711701991692,4
1.7624140168018811,-0.5121077835236154,4
1.7564334887293844,-0.4751653811046981,4
1.7500174119992353,-0.43835312367289014,4
1.7431673776273333,-0.4016801396861792,4
1.7358850842394988,-0.36515552306645305,4
1.7281723376502591,-0.3287883309444495,4
1.7200310504150536,-0.2925875814138298,4
1.7114632413559725,-0.25656225129493226,4
1.7024710350611425,-0.22072127390875962,4
1.6930566613578846,-0.18507353686175365,4
1.6832224547597767,-0.14962787984190673,4
1.6729708538877583,-0.114393092426754,4
1.6623044008654146,-0.07937791190379295,4
1.6512257406886002,-0.044591021103869144,4
1.6397376205695489,-0.010041046248065899,4
1.6278428892556391,0.024263445191368804,4
1.6155444963229815,0.058313946615526246,4
1.6028454914449999,0.09210201440824783,4
1.589749023636197,0.12561927002991502,4
1.576258340471281,0.15885740209510546,4
1.5623767872798533,0.1918081684335935,4
1.548107806316857,0.22446339813418925,4
1.5334549359089886,0.25681499357090654,4
1.5184218095772888,0.28885493241095817,4
1.5030121551361244,0.32057526960408,4
1.4872297937687908,0.35196813935269256,4
1.4710786390799606,0.3830257570624078,4
1.4545626961252132,0.41374042127240207,4
1.4376860604178885,0.4441045155651715,4
1.420452916913509,0.47411051045520236,4
1.402867538972021,0.5037509652560812,4
1.384934287298118,0.5330185299255867,4
1.3666576088598998,0.5619059468883048,4
1.3480420357861438,0.5904060528353128,4
1.3290921842424581,0.61851178050049,4
1.3098127532865955,0.6462161604130117,4
1.2902085237032126,0.6735123226255888,4
1.2702843568183624,0.7003934984180362,4
1.250045193294016,0.7268530219757314,4
1.229496051902908,0.7528843320425591,4
1.2086420282840178,0.7784809735479299,4
1.1874882936789848,0.8036365992074634,4
1.1660400936497795,0.8283449710969459,4
1.1443027467779425,0.8525999621991702,4
1.1222816433457203,0.8763955579232716,4
1.099982243999418,0.8997258575961862,4
1.0774100783953042,0.9225850759258598,4
1.0545707438284044,0.9449675444358474,4
1.0314699038445212,0.9668677128709433,4
1.0081132868358256,0.9882801505734966,4
0.9845066846203683,1.0091995478300686,4
0.9606559510058643,1.0296207171881013,4
0.9365670003381034,1.0495385947422675,4
0.9122458060343518,1.0689482413901827,4
0.887698399102102,1.0878448440571717,4
0.8629308666435459,1.1062237168897822,4
0.8379493503461336,1.1240803024177541,4
0.812760044959601,1.1414101726841452,4
0.7873691967598347,1.1582090303433525,4
0.7617831019999651,1.1744727097267345,4
0.7360081053490599,1.1901971778755898,4
0.710050598318819,1.205378535541219,4
0.6839170176786481,1.220013018151838,4
0.657613843859511,1.2340969967460902,4
0.6311475993469582,1.2476269788729315,4
0.6045248470637206,1.2605996094576657,4
0.5777521887422841,1.2730116716339142,4
0.5508362632878319,1.2848600875413108,4
0.523783745131976,1.2961419190887318,4
0.49660134257767546,1.306854368682861,4
0.46929579613575456,1.3169947799219224,4
0.4418738768534387,1.3265606382543935,4
0.4143423846353124,1.3355495716025474,4
0.38670814655712726,1.3439593509506667,4
0.3589780151728661,1.3517878908977785,4
0.33115886681549517,1.3590332501747788,4
0.3032575998918159,1.365693632125815,4
0.27528113317184255,1.3717673851538086,4
0.24723640407313485,1.3772530031300079,4
0.21913036694050017,1.3821491257674663,4
0.1909699913215046,1.3864545389583598,4
0.162762260238208,1.3901681750750505,4
0.13451416845556388,1.393289113234832,4
0.10623272074690113,1.3958165795282822,4
0.07792493015692974,1.3977499472111723,4
0.04959781626269171,1.3990887368598837,4
0.021258403432891926,1.3998326164902917,4
-0.007086280913955178,1.3999814016400887,4
-0.035429208052141135,1.3995350554145274,4
-0.06376334969169677,1.3984936884955648,4
-0.09208167972122382,1.3968575591144217,4
-0.12037717595018,1.3946270729875465,4
-0.14864282185019811,1.3918027832160074,4
-0.1768716082949952,1.388385390148338,4
-0.20505653529845008,1.3843757412068705,4
-0.23319061375041444,1.3797748306775968,4
-0.2612668671498228,1.3745837994636134,4
-0.2892783333346821,1.3688039348022065,4
-0.3172180662084989,1.3624366699456503,4
-0.34507913746272917,1.3554835838058032,4
-0.3728546382948112,1.347946400562574,4
-0.40053768112136584,1.3398269892363772,4
-0.4281214012861344,1.3311273632246587,4
-0.45559895876222745,1.3218496798026353,4
-0.4829635398482725,1.31199623958834,4
-0.510208358858027,1.3015694859721365,4
-0.5373266598030503,1.290572004510818,4
-0.5643117180680064,1.2790065222864637,4
-0.59115684207819,1.2668759072301903,4
-0.6178553749588599,1.254183167410984,4
-0.6444006961859636,1.2409314502897804,4
-0.6707862232278538,1.2271240419389753,4
-0.6970054131775774,1.2127643662275696,4
-0.7230517643753451,1.1978559839721377,4
-0.7489188180207669,1.182402592053844,4
-0.774600159774465,1.1664080225017108,4
-0.8000894213486557,1.1498762415423815,4
-0.8253802820863189,1.1328113486165967,4
-0.8504664705285473,1.1152175753626503,4
-0.8753417659697061,1.0970992845670469,4
-0.8999999999999995,1.078460969082653,4
-0.9244350580350722,1.0593072507145878,4
-0.9486408808322616,1.0396428790741408,4
-0.9726114659931318,1.0194727304009894,4
-0.9963408694519061,0.9988018063540276,4
-1.019823206949436,0.9776352327710847,4
-1.043052655492343,0.9559782583978547,4
-1.0660234547969634,0.933836253586348,4
-1.0887299087177476,0.9112147089631861,4
-1.1111663866597472,0.8881192340680752,4
-1.1333273249748588,0.8645555559627873,4
-1.1552072283414565,0.8405295178110022,4
-1.1768006711270858,0.8160470774293591,4
-1.1981022987338745,0.7911143058100789,4
-1.2191068289263336,0.7657373856155163,4
-1.239809053141208,0.7399226096450262,4
-1.2602038377790605,0.7136763792745193,4
-1.2802861254772708,0.6870052028690883,4
-1.3000509363641242,0.6599156941691087,4
-1.3194933692936877,0.6324145706502065,4
-1.3386086030611615,0.6045086518575065,4
-1.3573918975984134,0.5762048577145626,4
-1.3758385951493857,0.5475102068074038,4
-1.393944121425095,0.5184318146441131,4
-1.4117039867379355,0.48897689189036786,4
-1.4291137871150006,0.4591527425813904,4
-1.4461692053901505,0.4289667623107394,4
-1.462866012274554,0.39842643639640385,4
-1.479200067405441,0.3675393380246388,4
-1.4951673203728015,0.3363131263720198,4
-1.5107638117237763,0.3047555447061734,4
-1.5259856739445006,0.2728744184656493,4
-1.54082913241914,0.2406776533194217,4
-1.5552905063658982,0.20817323320649495,4
-1.569366209749749,0.17536921835610197,4
-1.5830527521716802,0.14227374328897668,4
-1.5963467397342186,0.10889501480021324,4
-1.6092448758830253,0.07524130992420153,4
-1.6217439622243544,0.04132097388213962,4
-1.633840899318168,0.00714241801264337,4
-1.6455326874467173,-0.027285882314042276,4
-1.6568164273583883,-0.061955389797705096,4
-1.667689320986643,-0.09685750732519449,4
-1.6781486721438634,-0.13198358010227296,4
-1.6881918871899337,-0.16732489779977167,4
-1.6978164756753948,-0.20287269671352548,4
-1.7070200509590097,-0.2386181619375337,4
-1.7158003307995848,-0.27455242954982406,4
-1.7241551379219076,-0.3106665888104646,4
-1.732082400556651,-0.3469516843711955,4
-1.7395801529541168,-0.3833987184961134,4
-1.7466465358716912,-0.41999865329287034,4
-1.753279797034884,-0.45674241295382745,4
-1.7594782915718499,-0.49362088600661846,4
-1.7652404824212689,-0.5306249275735493,4
-1.7705649407135,-0.5677453616392798,4
-1.7754503461249003,-0.6049729833262383,4
-1.7798954872052313,-0.6422985611771808,4
-1.7838992616780658,-0.6797128394443479,4
-1.787460676714123,-0.7172065403846402,4
-1.790578849177464,-0.7547703665602568,4
-1.793253005844486,-0.7923950031442083,4
-1.7954824835956604,-0.8300711202301435,4
-1.7972667295799694,-0.8677893751459227,4
-1.7986053013519983,-0.9055404147703469,4
-1.7994978669816497,-0.9433148778524854,4
-1.799944205136454,-0.981103397333011,4
-1.799944205136454,-1.0188966026669883,4
-1.7994978669816497,-1.056685122147515,4
-1.7986053013519983,-1.0944595852296526,4
-1.7972667295799694,-1.1322106248540769,4
-1.7954824835956604,-1.169928879769856,4
-1.793253005844486,-1.207604996855792,4
-1.7905788491774641,-1.2452296334397428,4
-1.787460676714123,-1.2827934596153592,4
-1.7838992616780658,-1.3202871605556517,4
-1.7798954872052313,-1.3577014388228188,4
-1.7754503461249003,-1.395027016673761,4
-1.7705649407135,-1.4322546383607198,4
-1.7652404824212689,-1.4693750724264514,4
-1.7594782915718499,-1.5063791139933809,4
-1.7532797970348841,-1.543257587046172,4
-1.7466465358716912,-1.580001346707129,4
-1.739580152954117,-1.6166012815038862,4
-1.732082400556651,-1.653048315628804,4
-1.724155137921908,-1.689333411189535,4
-1.7158003307995848,-1.7254475704501764,4
-1.7070200509590097,-1.7613818380624657,4
-1.6978164756753948,-1.7971273032864739,4
-1.688191887189934,-1.832675102200228,4
-1.6781486721438634,-1.8680164198977276,4
-1.6676893209866432,-1.9031424926748048,4
-1.6568164273583885,-1.9380446102022943,4
-1.645532687446717,-1.9727141176859582,4
-1.6338408993181681,-2.0071424180126427,4
-1.6217439622243544,-2.041320973882139,4
-1.6092448758830256,-2.075241309924201,4
-1.5963467397342184,-2.1088950148002135,4
-1.5830527521716802,-2.1422737432889765,4
-1.5693662097497492,-2.1753692183561015,4
-1.555290506365898,-2.2081732332064954,4
-1.5408291324191403,-2.240677653319421,4
-1.5259856739445006,-2.2728744184656486,4
-1.5107638117237767,-2.304755544706173,4
-1.4951673203728015,-2.33631312637202,4
-1.4792000674054415,-2.3675393380246383,4
-1.4628660122745545,-2.398426436396403,4
-1.4461692053901503,-2.42896676231074,4
-1.4291137871150008,-2.45915274258139,4
-1.411703986737936,-2.4889768918903674,4
-1.3939441214250954,-2.5184318146441127,4
-1.3758385951493857,-2.547510206807404,4
-1.3573918975984136,-2.576204857714562,4
-1.338608603061162,-2.6045086518575062,4
-1.319493369293688,-2.632414570650206,4
-1.3000509363641248,-2.6599156941691087,4
-1.2802861254772715,-2.687005202869088,4
-1.2602038377790612,-2.713676379274519,4
-1.239809053141208,-2.739922609645027,4
-1.219106828926334,-2.765737385615516,4
-1.198102298733875,-2.791114305810079,4
-1.1768006711270862,-2.816047077429359,4
-1.1552072283414567,-2.840529517811002,4
-1.1333273249748592,-2.864555555962787,4
-1.1111663866597477,-2.888119234068075,4
-1.0887299087177478,-2.9112147089631857,4
-1.0660234547969647,-2.933836253586347,4
-1.0430526554923427,-2.955978258397855,4
-1.0198232069494357,-2.977635232771085,4
-0.9963408694519059,-2.998801806354028,4
-0.9726114659931322,-3.0194727304009894,4
-0.9486408808322621,-3.03964287907414,4
-0.9244350580350728,-3.0593072507145873,4
-0.9000000000000006,-3.0784609690826517,4
-0.875341765969706,-3.097099284567047,4
-0.850466470528547,-3.1152175753626503,4
-0.8253802820863185,-3.1328113486165967,4
-0.8000894213486561,-3.1498762415423807,4
-0.7746001597744653,-3.1664080225017104,4
-0.7489188180207675,-3.182402592053843,4
-0.7230517643753458,-3.1978559839721368,4
-0.6970054131775769,-3.2127643662275696,4
-0.6707862232278534,-3.2271240419389753,4
-0.6444006961859636,-3.2409314502897804,4
-0.6178553749588599,-3.2541831674109836,4
-0.5911568420781904,-3.26687590723019,4
-0.5643117180680067,-3.2790065222864633,4
-0.5373266598030509,-3.2905720045108175,4
-0.5102083588580265,-3.3015694859721365,4
-0.4829635398482721,-3.31199623958834,4
-0.45559895876222745,-3.3218496798026353,4
-0.4281214012861344,-3.3311273632246587,4
-0.40053768112136634,-3.3398269892363768,4
-0.37285463829481164,-3.347946400562574,4
-0.34507913746273,-3.355483583805803,4
-0.3172180662085002,-3.36243666994565,4
-0.2892783333346818,-3.3688039348022065,4
-0.26126686714982283,-3.3745837994636134,4
-0.2331906137504145,-3.3797748306775968,4
-0.2050565352984505,-3.3843757412068705,4
-0.17687160829499562,-3.388385390148338,4
-0.14864282185019895,-3.391802783216007,4
-0.12037717595018123,-3.3946270729875465,4
-0.09208167972122346,-3.3968575591144217,4
-0.06376334969169681,-3.3984936884955648,4
-0.03542920805214118,-3.3995350554145274,4
-0.00708628091395562,-3.3999814016400887,4
0.021258403432891485,-3.399832616490292,4
0.04959781626269087,-3.3990887368598837,4
0.0779249301569289,-3.3977499472111723,4
0.10623272074690147,-3.395816579528282,4
0.13451416845556385,-3.393289113234832,4
0.16276226023820797,-3.3901681750750505,4
0.1909699913215042,-3.38645453895836,4
0.21913036694049975,-3.3821491257674663,4
0.24723640407313405,-3.377253003130008,4
0.27528113317184166,-3.371767385153809,4
0.3032575998918162,-3.365693632125815,4
0.3311588668154955,-3.359033250174779,4
0.35897801517286604,-3.3517878908977785,4
0.3867081465571268,-3.3439593509506667,4
0.414342384635312,-3.3355495716025474,4
0.4418738768534379,-3.3265606382543935,4
0.46929579613575373,-3.316994779921923,4
0.4966013425776758,-3.306854368682861,4
0.5237837451319763,-3.2961419190887313,4
0.5508362632878319,-3.2848600875413108,4
0.5777521887422837,-3.273011671633914,4
0.6045248470637202,-3.2605996094576657,4
0.6311475993469574,-3.2476269788729315,4
0.6576138438595103,-3.23409699674609,4
0.6839170176786484,-3.2200130181518376,4
0.7100505983188193,-3.2053785355412185,4
0.7360081053490599,-3.1901971778755898,4
0.7617831019999647,-3.1744727097267353,4
0.7873691967598344,-3.1582090303433525,4
0.8127600449596003,-3.1414101726841457,4
0.8379493503461329,-3.124080302417754,4
0.8629308666435463,-3.106223716889782,4
0.8876983991021022,-3.0878448440571713,4
0.9122458060343518,-3.0689482413901827,4
0.9365670003381031,-3.0495385947422675,4
0.9606559510058638,-3.0296207171881018,4
0.9845066846203677,-3.009199547830069,4
1.0081132868358247,-2.9882801505734973,4
1.0314699038445216,-2.9668677128709433,4
1.0545707438284047,-2.944967544435847,4
1.077410078395304,-2.92258507592586,4
1.0999822439994176,-2.899725857596186,4
1.12228164334572,-2.876395557923272,4
1.1443027467779419,-2.8525999621991707,4
1.1660400936497786,-2.828344971096947,4
1.1874882936789852,-2.8036365992074628,4
1.208642028284018,-2.7784809735479294,4
1.229496051902908,-2.752884332042559,4
1.2500451932940155,-2.7268530219757317,4
1.270284356818362,-2.7003934984180367,4
1.290208523703212,-2.67351232262559,4
1.3098127532865946,-2.6462161604130126,4
1.3290921842424583,-2.61851178050049,4
1.3480420357861438,-2.5904060528353123,4
1.3666576088598998,-2.561905946888304,4
1.384934287298118,-2.5330185299255867,4
1.4028675389720209,-2.5037509652560814,4
1.4204529169135083,-2.474110510455203,4
1.4376860604178878,-2.444104515565172,4
1.4545626961252125,-2.4137404212724034,4
1.4710786390799608,-2.3830257570624074,4
1.4872297937687908,-2.3519681393526923,4
1.5030121551361244,-2.3205752696040802,4
1.5184218095772888,-2.2888549324109584,4
1.5334549359089884,-2.2568149935709076,4
1.5481078063168565,-2.22446339813419,4
1.562376787279853,-2.1918081684335946,4
1.5762583404712813,-2.158857402095105,4
1.5897490236361973,-2.125619270029915,4
1.6028454914449999,-2.0921020144082476,4
1.6155444963229812,-2.0583139466155265,4
1.627842889255639,-2.0242634451913695,4
1.6397376205695484,-1.989958953751935,4
1.6512257406886,-1.955408978896132,4
1.6623044008654149,-1.9206220880962066,4
1.6729708538877586,-1.8856069075732458,4
1.6832224547597767,-1.8503721201580934,4
1.6930566613578844,-1.8149264631382467,4
1.7024710350611423,-1.779278726091241,4
1.7114632413559723,-1.7434377487050687,4
1.7200310504150533,-1.7074124185861714,4
1.7281723376502591,-1.67121166905555,4
1.735885084239499,-1.6348444769335466,4
1.7431673776273333,-1.5983198603138207,4
1.7500174119992353,-1.56164687632711,4
1.7564334887293844,-1.5248346188953026,4
1.762414016801881,-1.4878922164763857,4
1.7679575132052756,-1.450828829800832,4
1.7730626033003167,-1.4136536495999819,4
1.7777280211608226,-1.3763758943269933,4
1.7819526098876008,-1.3390048078709003,4
1.7857353218953247,-1.3015496572643837,4
1.7890752191723087,-1.264019730385791,4
1.79197147351311,-1.2264243336559906,4
1.794423366723901,-1.1887727897306277,4
1.7964302908005623,-1.151074435188353,4
1.797991748079451,-1.1133386182156078,4
1.7991073513608093,-1.0755746962885098,4
1.7997768240047791,-1.0377920338524587,4
1.1,2.2,4
1.0995514302135565,2.2284116947883295,4
1.098206167998344,2.2567950681814066,4
1.0959655543409952,2.285121827015361,4
1.0928318227339318,2.313363734560946,4
1.0888080969489713,2.341492638670526,4
1.0838983879234825,2.3694804998407464,4
1.0781075897621963,2.3972994191629224,4
1.0714414748586565,2.4249216661332778,4
1.0639066881411714,2.452319706295313,4
1.0555107404490047,2.479466228686752,4
1.046262001045408,2.506334173063702,4
1.0361696892749575,2.5328967568748926,4
1.0252438653735096,2.559127501959107,4
1.0134954204399411,2.585000260939189,4
1.0009360655796622,2.6104892432863145,4
0.9875783202307342,2.635569041028555,4
0.9734354996842207,2.660214654078094,4
0.9585217018112155,2.68440151515186,4
0.9428517930097788,2.708105514260726,4
0.9264413933857869,2.7313030227428756,4
0.9093068611824733,2.7539709168173614,4
0.8914652764741737,2.7760866006343967,4
0.8729344241405383,2.797628028799388,4
0.8537327761381757,2.818573728348266,4
0.8338794730874051,2.8389028201522,4
0.8133943051924706,2.8585950397303694,4
0.792297692514234,2.8776307574500395,4
0.7706106646150148,2.8959909980938052,4
0.748354839595865,2.913657459774501,4
0.7255524025471756,2.9306125321789187,4
0.7022260834340961,2.9468393141221534,4
0.6783991344388113,2.9623216303950692,4
0.6540953067822597,2.9770440478881013,4
0.6293388270484006,2.9909918909753146,4
0.6041543730346282,3.0041512561433867,4
0.5785670491524058,3.0165090258509335,4
0.5526023614026438,3.0280528816043573,4
0.5262861919507622,3.0387713162371917,4
0.49964477332678503,3.0486536453806936,4
0.4727046622761855,3.057690018114256,4
0.4454927132875429,3.0658714267850167,4
0.41803605182340486,3.0731897159868877,4
0.3903620472810372,3.079637590690037,4
0.36249828571001214,3.085208623512733,4
0.33447254231383483,3.0898972611283027,4
0.30631275376301725,3.093698829800803,4
0.27804699034719565,3.0966095400439064,4
0.24970342799405737,3.0986264903983414,4
0.2213103201829617,3.0997476703241302,4
0.19289596978125803,3.099971962204741,4
0.16448870083137257,3.0992991424611485,4
0.13611683031678562,3.097729881774705,4
0.10780863993504804,3.095265744418591,4
0.07959234790596886,3.091909186698513,4
0.051496080843080605,3.0876635545042026,4
0.02354784571641977,3.082533079974164,4
-0.004224498065431043,3.076522877276984,4
-0.03179326642620703,3.06963893751342,4
-0.0591309782180498,3.061888122744337,4
-0.08621038261531433,3.0532781591504587,4
-0.11300448627878418,3.043817629330743,4
-0.13948658026321836,3.0335159637470572,4
-0.16563026664141017,3.0223834313236932,4
-0.19140948481821368,3.0104311292110766,4
-0.2167985375083129,2.997670971723888,4
-0.24177211635183404,2.984115678464614,4
-0.2663053271422697,2.969778761644371,4
-0.2903737146415633,2.95467451261364,4
-0.3139532869576252,2.9388179876163365,4
-0.3370205394599702,2.9222249927814206,4
-0.3595524782096455,2.9049120683670018,4
-0.3815266428800888,2.886896472272652,4
-0.40292112914606965,2.8681961628363553,4
-0.4237146105183986,2.848829780933245,4
-0.4438863596026342,2.828816631393976,4
-0.463416268760601,2.808176663761248,4
-0.48228487015412097,2.786930452403668,4
-0.5004733551509772,2.7650991760067725,4
-0.5179635930737674,2.742704596461653,4
-0.5347381492729593,2.71976903717223,4
-0.5507803025061258,2.6963153608027968,4
-0.5660740616060451,2.672366946488022,4
-0.5806041814210432,2.6479476665281148,4
-0.5943561780116922,2.623081862592403,4
-0.607316343088717,2.597794321455021,4
-0.6194717576777158,2.572110250286921,4
-0.6308103049970744,2.54605525152881,4
-0.6413206825362383,2.519655297370086,4
-0.6509924133223004,2.4929367038591908,4
-0.6598158563636753,2.4659261046712033,4
-0.6677822162604508,2.438650424558811,4
-0.6748835519718315,2.411136852513132,4
-0.6811127847319431,2.3834128146611375,4
-0.6864637051060996,2.35550594692669,4
-0.6909309791805014,2.327444067482457,4
-0.6945101538791989,2.299255149020148,4
-0.697197661403014,2.270967290866729,4
-0.6989908227859993,2.2426086909744027,4
-0.6998878505658919,2.2142076178122734,4
-0.6998878505658916,2.185792382187727,4
-0.6989908227859993,2.157391309025598,4
-0.6971976614030138,2.1290327091332713,4
-0.6945101538791989,2.100744850979853,4
-0.6909309791805014,2.0725559325175436,4
-0.6864637051060996,2.0444940530733104,4
-0.6811127847319431,2.0165871853388633,4
-0.6748835519718315,1.9888631474868683,4
-0.6677822162604508,1.9613495754411894,4
-0.6598158563636756,1.9340738953287973,4
-0.6509924133223004,1.9070632961408096,4
-0.6413206825362385,1.8803447026299145,4
-0.6308103049970746,1.8539447484711904,4
-0.6194717576777158,1.8278897497130795,4
-0.6073163430887172,1.8022056785449792,4
-0.5943561780116922,1.7769181374075973,4
-0.580604181421043,1.7520523334718854,4
-0.5660740616060451,1.7276330535119788,4
-0.550780302506126,1.7036846391972036,4
-0.5347381492729593,1.6802309628277707,4
-0.5179635930737676,1.6572954035383471,4
-0.500473355150977,1.6349008239932274,4
-0.4822848701541211,1.6130695475963321,4
-0.4634162687606012,1.5918233362387522,4
-0.4438863596026344,1.5711833686060244,4
-0.4237146105183988,1.5511702190667553,4
-0.40292112914606965,1.531803837163645,4
-0.38152664288008903,1.5131035277273486,4
-0.3595524782096457,1.4950879316329986,4
-0.3370205394599702,1.4777750072185798,4
-0.3139532869576254,1.4611820123836639,4
-0.29037371464156325,1.4453254873863606,4
-0.26630532714226995,1.4302212383556296,4
-0.24177211635183438,1.4158843215353867,4
-0.21679853750831274,1.4023290282761125,4
-0.19140948481821385,1.3895688707889238,4
-0.16563026664141,1.377616568676307,4
-0.13948658026321875,1.3664840362529433,4
-0.11300448627878418,1.3561823706692575,4
-0.08621038261531416,1.3467218408495414,4
-0.05913097821804997,1.3381118772556635,4
-0.03179326642620689,1.3303610624865803,4
-0.004224498065431487,1.3234771227230162,4
0.02354784571641974,1.3174669200258364,4
0.051496080843080966,1.3123364454957978,4
0.07959234790596864,1.3080908133014875,4
0.10780863993504822,1.304734255581409,4
0.1361168303167854,1.3022701182252954,4
0.16448870083137257,1.3007008575388521,4
0.19289596978125761,1.3000280377952593,4
0.22131032018296148,1.3002523296758697,4
0.24970342799405754,1.301373509601659,4
0.2780469903471955,1.3033904599560941,4
0.30631275376301725,1.3063011701991976,4
0.33447254231383444,1.3101027388716977,4
0.36249828571001186,1.3147913764872672,4
0.3903620472810374,1.3203624093099635,4
0.41803605182340464,1.3268102840131124,4
0.4454927132875429,1.3341285732149835,4
0.47270466227618513,1.3423099818857445,4
0.49964477332678503,1.3513463546193067,4
0.5262861919507623,1.361228683762809,4
0.5526023614026436,1.371947118395643,4
0.578567049152406,1.383490974149067,4
0.6041543730346277,1.3958487438566136,4
0.6293388270484006,1.4090081090246858,4
0.6540953067822599,1.4229559521118993,4
0.678399134438811,1.4376783696049311,4
0.7022260834340961,1.453160685877847,4
0.7255524025471753,1.4693874678210812,4
0.748354839595865,1.4863425402254995,4
0.7706106646150148,1.5040090019061951,4
0.7922976925142338,1.5223692425499606,4
0.8133943051924706,1.5414049602696311,4
0.8338794730874048,1.5610971798478004,4
0.8537327761381754,1.5814262716517344,4
0.8729344241405379,1.6023719712006117,4
0.8914652764741737,1.6239133993656036,4
0.9093068611824733,1.646029083182639,4
0.9264413933857867,1.6686969772571243,4
0.9428517930097786,1.6918944857392741,4
0.9585217018112153,1.7155984848481403,4
0.9734354996842207,1.7397853459219061,4
0.9875783202307342,1.7644309589714455,4
1.000936065579662,1.7895107567136856,4
1.0134954204399411,1.8149997390608115,4
1.0252438653735096,1.8408724980408928,4
1.0361696892749572,1.8671032431251078,4
1.046262001045408,1.893665826936299,4
1.0555107404490045,1.920533771313248,4
1.0639066881411714,1.9476802937046873,4
1.0714414748586565,1.9750783338667222,4
1.0781075897621963,2.002700580837078,4
1.0838983879234825,2.0305195001592544,4
1.0888080969489713,2.0585073613294744,4
1.092831822733932,2.0866362654390542,4
1.0959655543409952,2.1148781729846395,4
1.098206167998344,2.1432049318185937,4
1.0995514302135565,2.171588305211671,4
0.9,3.0,4
0.8918367346938776,3.012244897959184,4
0.8836734693877552,3.024489795918367,4
0.8755102040816327,3.036734693877551,4
0.8673469387755103,3.048979591836735,4
0.8591836734693877,3.061224489795918,4
0.8510204081632653,3.073469387755102,4
0.8428571428571429,3.085714285714286,4
0.8346938775510204,3.0979591836734692,4
0.826530612244898,3.110204081632653,4
0.8183673469387756,3.122448979591837,4
0.8102040816326531,3.1346938775510202,4
0.8020408163265307,3.146938775510204,4
0.7938775510204081,3.159183673469388,4
0.7857142857142857,3.1714285714285713,4
0.7775510204081633,3.183673469387755,4
0.7693877551020408,3.195918367346939,4
0.7612244897959184,3.2081632653061223,4
0.753061224489796,3.220408163265306,4
0.7448979591836735,3.23265306122449,4
0.7367346938775511,3.2448979591836733,4
0.7285714285714286,3.257142857142857,4
0.7204081632653061,3.269387755102041,4
0.7122448979591837,3.2816326530612248,4
0.7040816326530612,3.293877551020408,4
0.6959183673469388,3.306122448979592,4
0.6877551020408164,3.3183673469387753,4
0.6795918367346939,3.330612244897959,4
0.6714285714285715,3.342857142857143,4
0.6632653061224489,3.355102040816327,4
0.6551020408163266,3.36734693877551,4
0.6469387755102041,3.379591836734694,4
0.6387755102040817,3.391836734693878,4
0.6306122448979592,3.404081632653061,4
0.6224489795918368,3.416326530612245,4
0.6142857142857143,3.428571428571429,4
0.6061224489795919,3.440816326530612,4
0.5979591836734695,3.453061224489796,4
0.5897959183673469,3.46530612244898,4
0.5816326530612246,3.477551020408163,4
0.573469387755102,3.489795918367347,4
0.5653061224489796,3.502040816326531,4
0.5571428571428572,3.5142857142857142,4
0.5489795918367347,3.526530612244898,4
0.5408163265306123,3.538775510204082,4
0.5326530612244899,3.5510204081632653,4
0.5244897959183674,3.563265306122449,4
0.5163265306122449,3.575510204081633,4
0.5081632653061224,3.5877551020408163,4
0.5,3.6,4
0.49183673469387756,3.5877551020408163,4
0.48367346938775513,3.575510204081633,4
0.47551020408163264,3.563265306122449,4
0.4673469387755102,3.5510204081632653,4
0.45918367346938777,3.538775510204082,4
0.4510204081632653,3.526530612244898,4
0.44285714285714284,3.5142857142857142,4
0.4346938775510204,3.502040816326531,4
0.42653061224489797,3.489795918367347,4
0.41836734693877553,3.477551020408163,4
0.4102040816326531,3.46530612244898,4
0.4020408163265306,3.453061224489796,4
0.39387755102040817,3.440816326530612,4
0.38571428571428573,3.428571428571429,4
0.3775510204081633,3.416326530612245,4
0.3693877551020408,3.404081632653061,4
0.36122448979591837,3.391836734693878,4
0.35306122448979593,3.379591836734694,4
0.3448979591836735,3.36734693877551,4
0.33673469387755106,3.355102040816327,4
0.32857142857142857,3.342857142857143,4
0.32040816326530613,3.330612244897959,4
0.31224489795918364,3.3183673469387758,4
0.3040816326530612,3.306122448979592,4
0.29591836734693877,3.293877551020408,4
0.28775510204081634,3.2816326530612248,4
0.2795918367346939,3.269387755102041,4
0.27142857142857146,3.257142857142857,4
0.26326530612244897,3.2448979591836737,4
0.2551020408163266,3.23265306122449,4
0.2469387755102041,3.220408163265306,4
0.23877551020408166,3.2081632653061227,4
0.23061224489795917,3.195918367346939,4
0.22244897959183674,3.183673469387755,4
0.2142857142857143,3.1714285714285717,4
0.20612244897959187,3.159183673469388,4
0.19795918367346937,3.146938775510204,4
0.18979591836734694,3.1346938775510207,4
0.1816326530612245,3.122448979591837,4
0.17346938775510207,3.110204081632653,4
0.16530612244897958,3.0979591836734697,4
0.15714285714285714,3.085714285714286,4
0.1489795918367347,3.073469387755102,4
0.14081632653061227,3.0612244897959187,4
0.13265306122448983,3.048979591836735,4
0.12448979591836734,3.036734693877551,4
0.1163265306122449,3.0244897959183676,4
0.10816326530612241,3.012244897959184,4
0.09999999999999998,3.0,4
0.1163265306122449,3.0,4
0.1326530612244898,3.0,4
0.1489795918367347,3.0,4
0.16530612244897958,3.0,4
0.1816326530612245,3.0,4
0.1979591836734694,3.0,4
0.2142857142857143,3.0,4
0.23061224489795917,3.0,4
0.24693877551020407,3.0,4
0.26326530612244897,3.0,4
0.2795918367346939,3.0,4
0.29591836734693877,3.0,4
0.31224489795918364,3.0,4
0.32857142857142857,3.0,4
0.34489795918367344,3.0,4
0.36122448979591837,3.0,4
0.37755102040816324,3.0,4
0.3938775510204081,3.0,4
0.4102040816326531,3.0,4
0.42653061224489797,3.0,4
0.44285714285714284,3.0,4
0.4591836734693877,3.0,4
0.4755102040816327,3.0,4
0.49183673469387756,3.0,4
0.5081632653061224,3.0,4
0.5244897959183673,3.0,4
0.5408163265306122,3.0,4
0.5571428571428572,3.0,4
0.573469387755102,3.0,4
0.5897959183673469,3.0,4
0.6061224489795918,3.0,4
0.6224489795918366,3.0,4
0.6387755102040816,3.0,4
0.6551020408163265,3.0,4
0.6714285714285714,3.0,4
0.6877551020408162,3.0,4
0.7040816326530612,3.0,4
0.7204081632653061,3.0,4
0.736734693877551,3.0,4
0.7530612244897958,3.0,4
0.7693877551020408,3.0,4
0.7857142857142857,3.0,4
0.8020408163265306,3.0,4
0.8183673469387754,3.0,4
0.8346938775510203,3.0,4
0.8510204081632653,3.0,4
0.8673469387755102,3.0,4
0.8836734693877552,3.0,4
0.09183673469387756,3.012244897959184,4
0.0836734693877551,3.024489795918367,4
0.07551020408163266,3.036734693877551,4
0.0673469387755102,3.048979591836735,4
0.059183673469387764,3.061224489795918,4
0.05102040816326531,3.073469387755102,4
0.042857142857142864,3.085714285714286,4
0.03469387755102042,3.0979591836734692,4
0.026530612244897972,3.110204081632653,4
0.018367346938775522,3.122448979591837,4
0.010204081632653073,3.1346938775510202,4
0.002040816326530609,3.146938775510204,4
-0.006122448979591827,3.159183673469388,4
-0.014285714285714277,3.1714285714285713,4
-0.022448979591836712,3.183673469387755,4
-0.030612244897959162,3.195918367346939,4
-0.038775510204081626,3.2081632653061223,4
-0.04693877551020406,3.220408163265306,4
-0.055102040816326525,3.23265306122449,4
-0.06326530612244896,3.2448979591836733,4
-0.07142857142857142,3.257142857142857,4
-0.07959183673469386,3.269387755102041,4
-0.08775510204081632,3.2816326530612248,4
-0.09591836734693879,3.293877551020408,4
-0.10408163265306122,3.306122448979592,4
-0.11224489795918366,3.3183673469387753,4
-0.1204081632653061,3.330612244897959,4
-0.12857142857142856,3.342857142857143,4
-0.13673469387755102,3.355102040816327,4
-0.14489795918367343,3.36734693877551,4
-0.1530612244897959,3.379591836734694,4
-0.16122448979591833,3.391836734693878,4
-0.16938775510204082,3.404081632653061,4
-0.17755102040816326,3.416326530612245,4
-0.1857142857142857,3.428571428571429,4
-0.19387755102040813,3.440816326530612,4
-0.20204081632653062,3.453061224489796,4
-0.21020408163265306,3.46530612244898,4
-0.2183673469387755,3.477551020408163,4
-0.22653061224489793,3.489795918367347,4
-0.23469387755102042,3.502040816326531,4
-0.24285714285714285,3.5142857142857142,4
-0.2510204081632653,3.526530612244898,4
-0.25918367346938775,3.538775510204082,4
-0.2673469387755102,3.5510204081632653,4
-0.2755102040816326,3.563265306122449,4
-0.28367346938775506,3.575510204081633,4
-0.2918367346938776,3.5877551020408163,4
-0.30000000000000004,3.6,4
-0.3081632653061224,3.5877551020408163,4
-0.31632653061224486,3.575510204081633,4
-0.32448979591836735,3.563265306122449,4
-0.3326530612244898,3.5510204081632653,4
-0.3408163265306122,3.538775510204082,4
-0.34897959183673466,3.526530612244898,4
-0.3571428571428571,3.5142857142857142,4
-0.3653061224489796,3.502040816326531,4
-0.373469387755102,3.489795918367347,4
-0.38163265306122446,3.477551020408163,4
-0.3897959183673469,3.46530612244898,4
-0.3979591836734694,3.453061224489796,4
-0.4061224489795918,3.440816326530612,4
-0.41428571428571426,3.428571428571429,4
-0.4224489795918367,3.416326530612245,4
-0.43061224489795913,3.404081632653061,4
-0.4387755102040816,3.391836734693878,4
-0.44693877551020406,3.379591836734694,4
-0.4551020408163265,3.36734693877551,4
-0.4632653061224489,3.355102040816327,4
-0.4714285714285714,3.342857142857143,4
-0.47959183673469385,3.330612244897959,4
-0.4877551020408163,3.3183673469387758,4
-0.4959183673469387,3.306122448979592,4
-0.5040816326530612,3.293877551020408,4
-0.5122448979591836,3.2816326530612248,4
-0.520408163265306,3.269387755102041,4
-0.5285714285714285,3.257142857142857,4
-0.536734693877551,3.2448979591836737,4
-0.5448979591836733,3.23265306122449,4
-0.5530612244897959,3.220408163265306,4
-0.5612244897959183,3.2081632653061227,4
-0.5693877551020408,3.195918367346939,4
-0.5775510204081633,3.183673469387755,4
-0.5857142857142856,3.1714285714285717,4
-0.5938775510204082,3.159183673469388,4
-0.6020408163265305,3.146938775510204,4
-0.610204081632653,3.1346938775510207,4
-0.6183673469387754,3.122448979591837,4
-0.6265306122448979,3.110204081632653,4
-0.6346938775510204,3.0979591836734697,4
-0.6428571428571428,3.085714285714286,4
-0.6510204081632652,3.073469387755102,4
-0.6591836734693877,3.0612244897959187,4
-0.6673469387755101,3.048979591836735,4
-0.6755102040816325,3.036734693877551,4
-0.6836734693877551,3.0244897959183676,4
-0.6918367346938775,3.012244897959184,4
-0.7,3.0,4
-0.6836734693877551,3.0,4
-0.6673469387755102,3.0,4
-0.6510204081632652,3.0,4
-0.6346938775510204,3.0,4
-0.6183673469387755,3.0,4
-0.6020408163265306,3.0,4
-0.5857142857142856,3.0,4
-0.5693877551020408,3.0,4
-0.5530612244897959,3.0,4
-0.536734693877551,3.0,4
-0.5204081632653061,3.0,4
-0.5040816326530612,3.0,4
-0.4877551020408163,3.0,4
-0.4714285714285714,3.0,4
-0.45510204081632655,3.0,4
-0.4387755102040816,3.0,4
-0.4224489795918367,3.0,4
-0.4061224489795918,3.0,4
-0.38979591836734695,3.0,4
-0.3734693877551021,3.0,4
-0.35714285714285715,3.0,4
-0.3408163265306123,3.0,4
-0.32448979591836735,3.0,4
-0.3081632653061224,3.0,4
-0.29183673469387755,3.0,4
-0.2755102040816327,3.0,4
-0.2591836734693878,3.0,4
-0.24285714285714288,3.0,4
-0.22653061224489796,3.0,4
-0.21020408163265314,3.0,4
-0.19387755102040827,3.0,4
-0.17755102040816328,3.0,4
-0.1612244897959184,3.0,4
-0.14489795918367343,3.0,4
-0.12857142857142867,3.0,4
-0.11224489795918369,3.0,4
-0.09591836734693882,3.0,4
-0.07959183673469394,3.0,4
-0.06326530612244907,3.0,4
-0.0469387755102042,3.0,4
-0.030612244897959218,3.0,4
-0.014285714285714346,3.0,4
0.0020408163265305257,3.0,4
0.018367346938775397,3.0,4
0.03469387755102027,3.0,4
0.05102040816326525,3.0,4
0.06734693877551012,3.0,4
0.0836734693877551,3.0,4
-1.4,-1.0,4
-1.3938839429762515,-0.9927727424709086,4
-1.388386857925783,-0.9855554316894065,4
-1.383507786373336,-0.9783580041365209,4
-1.379245131959396,-0.9711903757707527,4
-1.375596662087882,-0.9640624317932939,4
-1.3725595102305248,-0.9569840164449902,4
-1.370130178885563,-0.9499649228455832,4
-1.368304543187697,-0.9430148828857159,4
-1.3670778551655807,-0.9361435571821353,4
-1.366444748642452,-0.9293605251064624,4
-1.3663992447748465,-0.922675274897819,4
-1.3669347582236773,-0.9160971938695152,4
-1.3680441039513074,-0.9096355587199109,4
-1.3697195046376085,-0.9032995259574467,4
-1.3719525987073402,-0.897098122449729,4
-1.3747344489605728,-0.891040236106426,4
-1.378055551797241,-0.8851346067055882,4
-1.38190584702631,-0.8793898168728624,4
-1.386274728249428,-0.8738142832229137,4
-1.3911510538083482,-0.8684162476721937,4
-1.3965231582848214,-0.8632037689320247,4
-1.4023788645410855,-0.8581847141907799,4
-1.4087054962885335,-0.8533667509937449,4
-1.4154898911715759,-0.8487573393290392,4
-1.4227184143532008,-0.8443637239277714,4
-1.4303769725882078,-0.8401929267863701,4
-1.438451028769587,-0.8362517399188121,4
-1.4469256169330327,-0.8325467183462272,4
-1.4557853577041016,-0.8290841733311163,4
-1.4650144741720768,-0.8258701658631649,4
-1.474596808174145,-0.8229105004033767,4
-1.4845158369730889,-0.8202107188929841,4
-1.494754690311272,-0.8177760950333192,4
-1.5052961678233203,-0.8156116288425482,4
-1.516122756789525,-0.8137220414948909,4
-1.5272166502116407,-0.8121117704476475,4
-1.538559765192426,-0.8107849648610649,4
-1.5501337615999546,-0.8097454813157714,4
-1.5619200609974284,-0.8089968798321959,4
-1.5738998658189616,-0.8085424201960837,4
-1.5860541787715368,-0.8083850585939003,4
-1.598363822443111,-0.8085274445615955,4
-1.6108094590966313,-0.8089719182498777,4
-1.6233716106295333,-0.8097205080088221,4
-1.6360306786781116,-0.8107749282943029,4
-1.648766964846027,-0.8121365778984134,4
-1.6615606910360539,-0.8138065385056996,4
-1.6743920198640985,-0.8157855735766961,4
-1.687241075134404,-0.8180741275599185,4
-1.7000879623548213,-0.8206723254331243,4
-1.7129127892709588,-0.8235799725743177,4
-1.7256956863980255,-0.8267965549626283,4
-1.7384168275291731,-0.8303212397088595,4
-1.751056450199166,-0.8341528759151573,4
-1.7635948760822626,-0.8382899958629123,4
-1.7760125313032509,-0.8427308165276695,4
-1.7882899666406735,-0.847473241419482,4
-1.800407877601395,-0.8525148627468074,4
-1.8123471243457845,-0.857852963901718,4
-1.8240887514429498,-0.863484522263853,4
-1.8356140074356366,-0.8694062123202252,4
-1.8469043641945955,-0.8756144090976578,4
-1.8579415360424356,-0.8821051919043092,4
-1.8687074986272383,-0.8888743483764264,4
-1.8791845075264366,-0.8959173788261469,4
-1.8893551165617697,-0.9032295008858631,4
-1.8992021958063998,-0.9108056544443557,4
-1.908708949265612,-0.9186405068696011,4
-1.9178589322128445,-0.9267284585128612,4
-1.9266360681631556,-0.9350636484883758,4
-1.9350246654666101,-0.9436399607226905,4
-1.9430094335044574,-0.9524510302673793,4
-1.9505754984713835,-0.9614902498686416,4
-1.9577084187275475,-0.9707507767869972,4
-1.9643941997045593,-0.9802255398600372,4
-1.9706193083500096,-0.9899072468009442,4
-1.9763706870956448,-0.9997883917252434,4
-1.9816357673347718,-1.0098612628980224,4
-1.9864024823949764,-1.020117950693618,4
-1.990659279992773,-1.0305503557595574,4
-1.9943951341573227,-1.0411501973763257,4
-1.9975995566109193,-1.051909022004333,4
-2.0002626075944914,-1.0628182120092564,4
-2.002374906126952,-1.073868994556755,4
-2.003927639687802,-1.085052450667373,4
-2.004912573312997,-1.096359524422289,4
-2.0053220580946856,-1.1077810323104045,4
-2.005149039076052,-1.1193076727071303,4
-2.004387062533106,-1.130930035475083,4
-2.0030302826359128,-1.142638611676782,4
-2.0010734674823816,-1.1544238033893248,4
-1.9985120044983842,-1.1662759336109083,4
-1.9953419051986399,-1.1781852562489714,4
-1.9915598093034386,-1.1901419661796508,4
-1.9871629882069628,-1.2021362093681642,4
-1.9821493477936247,-1.2141580930396787,4
-1.976517430599513,-1.2261976958901646,4
-1.9702664173167195,-1.2382450783266952,4
-1.963396127638989,-1.2502902927266228,4
-1.9559070204478228,-1.2623233937050453,4
-1.9478001933388436,-1.2743344483799603,4
-1.939077381488907,-1.2863135466245152,4
-1.9297409558651384,-1.2982508112957702,4
-1.9197939207777286,-1.3101364084294198,4
-1.9092399107790303,-1.3219605573899411,4
-1.8980831869121437,-1.3337135409657053,4
-1.8863286323128698,-1.3453857153986228,4
-1.8739817471695703,-1.356967520337972,4
-1.8610486430461322,-1.3684494887081415,4
-1.8475360365739015,-1.3798222564800975,4
-1.8334512425190952,-1.3910765723364893,4
-1.818802166232845,-1.4022033072204225,4
-1.8035972954916697,-1.4131934637580383,4
-1.7878456917367935,-1.424038185545176,4
-1.7715569807213556,-1.434728766288535,4
-1.754741342575164,-1.4452566587918974,4
-1.7374095012972481,-1.4556134837781392,4
-1.7195727136870553,-1.4657910385379231,4
-1.7012427577257145,-1.4757813053961473,4
-1.682431920419363,-1.4855764599874086,4
-1.6631529851170805,-1.4951688793319422,4
-1.6434192183165226,-1.504551149703701,4
-1.6232443559708694,-1.5137160742824516,4
-1.6026425893112255,-1.5226566805819903,4
-1.5816285501991043,-1.531366227646816,4
-1.560217296024112,-1.5398382130098223,4
-1.5384242941624273,-1.5480663794038363,4
-1.5162654060121028,-1.556044721220075,4
-1.4937568706216857,-1.5637674907068488,4
-1.4709152879290406,-1.571229203902118,4
-1.4477576016276776,-1.5784246462937814,4
-1.4243010816782784,-1.5853488782018448,4
-1.4005633064834568,-1.591997239876927,4
-1.3765621447441683,-1.598365356309833,4
-1.3523157370164796,-1.6044491417472289,4
-1.327842476987751,-1.6102448039087642,4
-1.303160992491538,-1.6157488479012854,4
-1.2782901262808284,-1.6209580798260959,4
-1.2532489165794427,-1.625869610075549,4
-1.2280565774316836,-1.6304808563155648,4
-1.2027324788705085,-1.6347895461509907,4
-1.1772961269246975,-1.6387937194710618,4
-1.1517671434856591,-1.6424917304725344,4
-1.1261652460546372,-1.6458822493584047,4
-1.100510227391248,-1.6489642637104633,4
-1.0748219350843233,-1.6517370795342663,4
-1.0491202510661766,-1.6542003219754409,4
-1.0234250710914081,-1.6563539357065944,4
-0.9977562842014559,-1.6581981849844205,4
-0.9721337521960633,-1.6597336533769447,4
-0.9465772891328756,-1.660961243161194,4
-0.9211066408763049,-1.6618821743919094,4
-0.8957414647167838,-1.6624979836422624,4
-0.8705013090814469,-1.662810522417878,4
-0.8454055933571625,-1.6628219552457975,4
-0.8204735878467684,-1.6625347574403566,4
-0.7957243938791733,-1.6619517125482828,4
-0.7711769240938744,-1.6610759094756513,4
-0.746849882920222,-1.659910739299661,4
-0.7227617472715986,-1.6584598917685274,4
-0.6989307474744213,-1.6567273514930967,4
-0.675374848451662,-1.6547173938341213,4
-0.6521117311803077,-1.6524345804894338,4
-0.6291587744418903,-1.6498837547855791,4
-0.606533036884936,-1.647070036678763,4
-0.584251239417831,-1.643998817470274,4
-0.5623297479502979,-1.640675754241839,4
-0.5407845565012731,-1.6371067640166515,4
-0.5196312706906439,-1.6332980176520997,4
-0.4988850916318615,-1.629255933470501,4
-0.47856080024207676,-1.6249871706344126,4
-0.45867274198597496,-1.6204986222733602,4
-0.43923481206906584,-1.6157974083690763,4
-0.4202604410957148,-1.610890868406592,4
-0.4017625812067042,-1.6057865537987672,4
-0.3837536927106523,-1.6004922200920835,4
-0.36624573122306825,-1.5950158189617318,4
-0.34925013532633675,-1.589365490004274,4
-0.33277781476335067,-1.583549552336334,4
-0.3168391391769959,-1.577576496008002,4
-0.3014439274070928,-1.571454973239805,4
-0.2866014373558581,-1.5651937894922967,4
-0.272320356432336,-1.5588018943774764,4
-0.2586087925856645,-1.552288372421424,4
-0.24547426593643762,-1.5456624336876843,4
-0.23292370101478932,-1.5389334042710727,4
-0.2209634196132254,-1.5321107166717243,4
-0.2095991342615655,-1.5252039000593134,4
-0.19883594233074287,-1.5182225704374956,4
-0.18867832077153768,-1.511176420718725,4
-0.17913012149368235,-1.504075210719689,4
-0.17019456739010097,-1.4969287570876881,4
-0.16187424901039316,-1.489746923168356,4
-0.15417112188699178,-1.4825396088251845,4
-0.14708650451675342,-1.4753167402213507,4
-0.1406210770000702,-1.4680882595744031,4
-0.13477488033890073,-1.4608641148943753,4
-0.12954731639445138,-1.4536542497159208,4
-0.12493714850454518,-1.4464685928350685,4
-0.1209425027600477,-1.4393170480611892,4
-0.11756086993902592,-1.432209483994753,4
-0.11478910809664866,-1.4251557238414276,4
-0.11262344580815342,-1.4181655352730298,4
-0.11105948606153204,-1.4112486203457988,4
-0.11009221079591869,-1.4044146054863929,4
-0.10971598608099342,-1.397673031555947,4
-0.10992456793205962,-1.3910333440024494,4
-0.11071110875478785,-1.384504883111596,4
-0.11206816441297951,-1.378096874366192,4
-0.11398770191205077,-1.3718184189240437,4
-0.11646110769030882,-1.3656784842241754,4
-0.11947919650946326,-1.3596858947310642,4
-0.12303222093519262,-1.3538493228264445,4
-0.12710988139798562,-1.3481772798580878,4
-0.1317013368238676,-1.342678107354792,4
-0.13679521582404414,-1.3373599684166506,4
-0.14237962843191,-1.3322308392894873,4
-0.14844217837530865,-1.3272985011321543,4
-0.1549699758713784,-1.3225705319851864,4
-0.16194965093077357,-1.318054298949109,4
-0.16936736715753647,-1.3137569505804638,4
-0.17720883603036802,-1.3096854095134098,4
-0.18545933165056355,-1.3058463653145052,4
-0.19410370594138687,-1.302246267578057,4
-0.20312640428319878,-1.298891319269153,4
-0.212511481568197,-1.2957874703212555,4
-0.22224261865820183,-1.2929404114949632,4
-0.2323031392284985,-1.2903555685042756,4
-0.24267602698034663,-1.2880380964164304,4
-0.2533439432044011,-1.285992874331085,4
-0.2642892446769036,-1.2842245003443424,4
-0.2754940018701846,-1.2827372868028142,4
-0.28694001745867004,-1.2815352558526203,4
-0.29860884510130115,-1.2806221352879197,4
-0.31048180848097173,-1.2800013547032598,4
-0.3225400205813389,-1.2796760419537092,4
-0.33476440318110734,-1.279649019926436,4
-0.3471357065456627,-1.2799228036270547,4
-0.3596345292957396,-1.2804995975837596,4
-0.37224133843260265,-1.2813812935719129,4
-0.3849364894990851,-1.2825694686614453,4
-0.39770024685566446,-1.2840653835890778,4
-0.410512804050657,-1.2858699814570502,4
-0.42335430426349646,-1.2879838867596956,4
-0.436204860800006,-1.2904074047388652,4
-0.44904457761849975,-1.2931405210688744,4
-0.4618535698655347,-1.2961829018712878,4
-0.4746119844001164,-1.299533894059533,4
-0.48730002028516806,-1.3031925260129853,4
3.8,-3.0,5
3.799776824004779,-2.962207966147542,5
3.799107351360809,-2.92442530371149,5
3.797991748079451,-2.886661381784392,5
3.7964302908005623,-2.8489255648116463,5
3.794423366723901,-2.811227210269373,5
3.79197147351311,-2.7735756663440103,5
3.789075219172309,-2.7359802696142097,5
3.7857353218953245,-2.6984503427356166,5
3.781952609887601,-2.6609951921291,5
3.7777280211608226,-2.6236241056730067,5
3.7730626033003167,-2.5863463504000177,5
3.7679575132052756,-2.5491711701991693,5
3.7624140168018814,-2.512107783523615,5
3.7564334887293844,-2.475165381104698,5
3.7500174119992353,-2.43835312367289,5
3.7431673776273335,-2.4016801396861793,5
3.7358850842394986,-2.365155523066453,5
3.728172337650259,-2.3287883309444495,5
3.7200310504150536,-2.2925875814138297,5
3.7114632413559727,-2.256562251294932,5
3.7024710350611425,-2.22072127390876,5
3.6930566613578844,-2.1850735368617538,5
3.6832224547597767,-2.1496278798419066,5
3.672970853887758,-2.114393092426754,5
3.6623044008654144,-2.079377911903793,5
3.6512257406886004,-2.0445910211038694,5
3.639737620569549,-2.010041046248066,5
3.627842889255639,-1.9757365548086312,5
3.6155444963229817,-1.9416860533844738,5
3.6028454914449997,-1.9078979855917522,5
3.5897490236361973,-1.874380729970085,5
3.576258340471281,-1.8411425979048945,5
3.5623767872798533,-1.8081918315664065,5
3.5481078063168567,-1.7755366018658107,5
3.5334549359089884,-1.7431850064290935,5
3.518421809577289,-1.7111450675890418,5
3.5030121551361244,-1.67942473039592,5
3.487229793768791,-1.6480318606473074,5
3.471078639079961,-1.6169742429375922,5
3.454562696125213,-1.586259578727598,5
3.4376860604178887,-1.5558954844348285,5
3.4204529169135087,-1.5258894895447976,5
3.4028675389720213,-1.4962490347439188,5
3.384934287298118,-1.4669814700744133,5
3.3666576088599,-1.4380940531116952,5
3.348042035786144,-1.4095939471646872,5
3.329092184242458,-1.38148821949951,5
3.3098127532865957,-1.3537838395869883,5
3.2902085237032126,-1.3264876773744112,5
3.2702843568183626,-1.2996065015819638,5
3.250045193294016,-1.2731469780242686,5
3.229496051902908,-1.2471156679574409,5
3.208642028284018,-1.2215190264520701,5
3.187488293678985,-1.1963634007925366,5
3.1660400936497792,-1.171655028903054,5
3.1443027467779423,-1.1474000378008298,5
3.1222816433457203,-1.1236044420767284,5
3.099982243999418,-1.1002741424038138,5
3.077410078395304,-1.0774149240741402,5
3.054570743828404,-1.0550324555641526,5
3.0314699038445214,-1.0331322871290567,5
3.0081132868358256,-1.0117198494265034,5
2.984506684620368,-0.9908004521699314,5
2.9606559510058643,-0.9703792828118987,5
2.9365670003381035,-0.9504614052577325,5
2.9122458060343517,-0.9310517586098173,5
2.887698399102102,-0.9121551559428283,5
2.862930866643546,-0.8937762831102178,5
2.8379493503461335,-0.8759196975822459,5
2.812760044959601,-0.8585898273158548,5
2.7873691967598346,-0.8417909696566475,5
2.7617831019999652,-0.8255272902732655,5
2.73600810534906,-0.8098028221244102,5
2.7100505983188192,-0.794621464458781,5
2.683917017678648,-0.779986981848162,5
2.657613843859511,-0.7659030032539098,5
2.631147599346958,-0.7523730211270685,5
2.6045248470637206,-0.7394003905423343,5
2.5777521887422843,-0.7269883283660858,5
2.550836263287832,-0.7151399124586892,5
2.523783745131976,-0.7038580809112682,5
2.4966013425776756,-0.6931456313171389,5
2.4692957961357545,-0.6830052200780776,5
2.441873876853439,-0.6734393617456065,5
2.4143423846353125,-0.6644504283974526,5
2.3867081465571274,-0.6560406490493333,5
2.358978015172866,-0.6482121091022215,5
2.3311588668154952,-0.6409667498252212,5
2.3032575998918157,-0.6343063678741849,5
2.2752811331718426,-0.6282326148461914,5
2.247236404073135,-0.6227469968699921,5
2.2191303669405,-0.6178508742325337,5
2.190969991321505,-0.6135454610416402,5
2.162762260238208,-0.6098318249249495,5
2.134514168455564,-0.606710886765168,5
2.106232720746901,-0.6041834204717178,5
2.0779249301569296,-0.6022500527888277,5
2.0495978162626916,-0.6009112631401163,5
2.021258403432892,-0.6001673835097083,5
1.9929137190860449,-0.6000185983599113,5
1.9645707919478588,-0.6004649445854726,5
1.9362366503083033,-0.6015063115044352,5
1.9079183202787762,-0.6031424408855783,5
1.87962282404982,-0.6053729270124535,5
1.851357178149802,-0.6081972167839926,5
1.8231283917050047,-0.6116146098516619,5
1.7949434647015499,-0.6156242587931295,5
1.7668093862495855,-0.6202251693224032,5
1.7387331328501772,-0.6254162005363866,5
1.710721666665318,-0.6311960651977935,5
1.682781933791501,-0.6375633300543497,5
1.6549208625372709,-0.6445164161941968,5
1.6271453617051888,-0.6520535994374259,5
1.599462318878634,-0.6601730107636228,5
1.5718785987138655,-0.6688726367753413,5
1.5444010412377724,-0.6781503201973647,5
1.5170364601517274,-0.68800376041166,5
1.4897916411419732,-0.6984305140278635,5
1.4626733401969498,-0.709427995489182,5
1.4356882819319936,-0.7209934777135363,5
1.40884315792181,-0.7331240927698097,5
1.38214462504114,-0.745816832589016,5
1.3555993038140364,-0.7590685497102196,5
1.3292137767721464,-0.7728759580610247,5
1.3029945868224226,-0.7872356337724304,5
1.2769482356246549,-0.8021440160278623,5
1.2510811819792331,-0.8175974079461561,5
1.225399840225535,-0.8335919774982892,5
1.1999105786513442,-0.8501237584576185,5
1.1746197179136812,-0.8671886513834033,5
1.1495335294714528,-0.8847824246373497,5
1.124658234030294,-0.9029007154329531,5
1.1000000000000005,-0.921539030917347,5
1.0755649419649278,-0.9406927492854122,5
1.0513591191677385,-0.9603571209258592,5
1.0273885340068682,-0.9805272695990106,5
1.003659130548094,-1.0011981936459724,5
0.980176793050564,-1.0223647672289153,5
0.9569473445076571,-1.0440217416021453,5
0.9339765452030366,-1.066163746413652,5
0.9112700912822524,-1.0887852910368139,5
0.8888336133402528,-1.1118807659319248,5
0.8666726750251412,-1.1354444440372127,5
0.8447927716585435,-1.1594704821889978,5
0.8231993288729142,-1.1839529225706409,5
0.8018977012661255,-1.208885694189921,5
0.7808931710736664,-1.2342626143844837,5
0.760190946858792,-1.2600773903549738,5
0.7397961622209395,-1.2863236207254807,5
0.7197138745227292,-1.3129947971309117,5
0.6999490636358758,-1.3400843058308913,5
0.6805066307063123,-1.3675854293497935,5
0.6613913969388385,-1.3954913481424935,5
0.6426081024015866,-1.4237951422854374,5
0.6241614048506143,-1.4524897931925962,5
0.6060558785749051,-1.4815681853558869,5
0.5882960132620645,-1.5110231081096321,5
0.5708862128849994,-1.5408472574186096,5
0.5538307946098495,-1.5710332376892606,5
0.537133987725446,-1.6015735636035962,5
0.5207999325945589,-1.6324606619753612,5
0.5048326796271985,-1.6636868736279802,5
0.4892361882762237,-1.6952444552938266,5
0.4740143260554994,-1.7271255815343507,5
0.4591708675808599,-1.7593223466805783,5
0.44470949363410184,-1.791826766793505,5
0.43063379025025106,-1.824630781643898,5
0.4169472478283198,-1.8577262567110233,5
0.4036532602657814,-1.8911049851997868,5
0.39075512411697466,-1.9247586900757985,5
0.37825603777564565,-1.9586790261178604,5
0.3661591006818321,-1.9928575819873566,5
0.3544673125532827,-2.0272858823140423,5
0.3431835726416117,-2.061955389797705,5
0.332310679013357,-2.0968575073251943,5
0.32185132785613657,-2.131983580102273,5
0.31180811281006626,-2.1673248977997717,5
0.30218352432460516,-2.2028726967135253,5
0.29297994904099034,-2.238618161937534,5
0.2841996692004152,-2.274552429549824,5
0.27584486207809245,-2.3106665888104647,5
0.2679175994433489,-2.3469516843711955,5
0.26041984704588317,-2.3833987184961134,5
0.25335346412830884,-2.41999865329287,5
0.2467202029651161,-2.4567424129538273,5
0.24052170842815013,-2.4936208860066182,5
0.23475951757873115,-2.530624927573549,5
0.2294350592865,-2.56774536163928,5
0.22454965387509973,-2.6049729833262383,5
0.22010451279476873,-2.6422985611771805,5
0.21610073832193422,-2.679712839444348,5
0.212539323285877,-2.71720654038464,5
0.2094211508225361,-2.7547703665602565,5
0.206746994155514,-2.7923950031442084,5
0.20451751640433957,-2.8300711202301434,5
0.20273327042003064,-2.8677893751459225,5
0.20139469864800175,-2.9055404147703467,5
0.2005021330183503,-2.9433148778524854,5
0.20005579486354597,-2.981103397333011,5
0.20005579486354597,-3.018896602666988,5
0.2005021330183503,-3.056685122147515,5
0.20139469864800175,-3.094459585229653,5
0.20273327042003064,-3.1322106248540766,5
0.20451751640433957,-3.1699288797698557,5
0.206746994155514,-3.207604996855792,5
0.20942115082253587,-3.2452296334397426,5
0.212539323285877,-3.282793459615359,5
0.21610073832193422,-3.320287160555652,5
0.22010451279476873,-3.3577014388228186,5
0.22454965387509973,-3.395027016673761,5
0.2294350592865,-3.4322546383607198,5
0.23475951757873115,-3.4693750724264514,5
0.24052170842815013,-3.506379113993381,5
0.24672020296511588,-3.543257587046172,5
0.25335346412830884,-3.580001346707129,5
0.26041984704588295,-3.616601281503886,5
0.2679175994433489,-3.653048315628804,5
0.275844862078092,-3.6893334111895353,5
0.2841996692004152,-3.7254475704501764,5
0.29297994904099034,-3.7613818380624657,5
0.30218352432460516,-3.797127303286474,5
0.31180811281006604,-3.832675102200228,5
0.32185132785613657,-3.8680164198977276,5
0.33231067901335676,-3.903142492674805,5
0.3431835726416115,-3.9380446102022946,5
0.3544673125532829,-3.972714117685958,5
0.3661591006818319,-4.007142418012643,5
0.37825603777564565,-4.041320973882139,5
0.39075512411697444,-4.075241309924201,5
0.40365326026578163,-4.108895014800213,5
0.4169472478283198,-4.1422737432889765,5
0.43063379025025084,-4.175369218356101,5
0.44470949363410206,-4.208173233206495,5
0.4591708675808597,-4.2406776533194215,5
0.4740143260554994,-4.272874418465649,5
0.4892361882762233,-4.304755544706174,5
0.5048326796271985,-4.33631312637202,5
0.5207999325945585,-4.367539338024638,5
0.5371339877254455,-4.398426436396403,5
0.5538307946098497,-4.42896676231074,5
0.5708862128849992,-4.45915274258139,5
0.588296013262064,-4.488976891890367,5
0.6060558785749046,-4.518431814644113,5
0.6241614048506143,-4.547510206807404,5
0.6426081024015864,-4.576204857714562,5
0.6613913969388381,-4.604508651857506,5
0.6805066307063119,-4.632414570650206,5
0.6999490636358752,-4.659915694169109,5
0.7197138745227285,-4.687005202869088,5
0.7397961622209388,-4.713676379274519,5
0.760190946858792,-4.739922609645027,5
0.780893171073666,-4.765737385615516,5
0.801897701266125,-4.791114305810079,5
0.8231993288729138,-4.816047077429359,5
0.8447927716585433,-4.840529517811002,5
0.8666726750251408,-4.864555555962787,5
0.8888336133402523,-4.888119234068075,5
0.9112700912822522,-4.911214708963186,5
0.9339765452030353,-4.933836253586347,5
0.9569473445076573,-4.955978258397855,5
0.9801767930505643,-4.977635232771085,5
1.003659130548094,-4.998801806354027,5
1.0273885340068678,-5.01947273040099,5
1.051359119167738,-5.03964287907414,5
1.0755649419649274,-5.059307250714587,5
1.0999999999999994,-5.078460969082652,5
1.124658234030294,-5.097099284567047,5
1.149533529471453,-5.11521757536265,5
1.1746197179136815,-5.132811348616597,5
1.1999105786513438,-5.149876241542381,5
1.2253998402255348,-5.16640802250171,5
1.2510811819792325,-5.182402592053843,5
1.2769482356246542,-5.197855983972136,5
1.302994586822423,-5.212764366227569,5
1.3292137767721466,-5.227124041938975,5
1.3555993038140364,-5.24093145028978,5
1.38214462504114,-5.254183167410984,5
1.4088431579218095,-5.26687590723019,5
1.4356882819319932,-5.279006522286464,5
1.462673340196949,-5.2905720045108175,5
1.4897916411419736,-5.301569485972136,5
1.5170364601517279,-5.31199623958834,5
1.5444010412377724,-5.321849679802636,5
1.5718785987138655,-5.331127363224659,5
1.5994623188786337,-5.339826989236377,5
1.6271453617051883,-5.347946400562574,5
1.65492086253727,-5.355483583805803,5
1.6827819337914998,-5.36243666994565,5
1.7107216666653182,-5.368803934802207,5
1.7387331328501772,-5.374583799463613,5
1.7668093862495855,-5.379774830677597,5
1.7949434647015494,-5.3843757412068705,5
1.8231283917050043,-5.388385390148338,5
1.851357178149801,-5.391802783216007,5
1.8796228240498187,-5.3946270729875465,5
1.9079183202787766,-5.396857559114421,5
1.9362366503083033,-5.398493688495565,5
1.9645707919478588,-5.399535055414527,5
1.9929137190860444,-5.399981401640089,5
2.0212584034328915,-5.399832616490292,5
2.0495978162626907,-5.399088736859884,5
2.0779249301569287,-5.397749947211173,5
2.1062327207469016,-5.395816579528282,5
2.134514168455564,-5.393289113234832,5
2.162762260238208,-5.3901681750750505,5
2.1909699913215044,-5.386454538958359,5
2.2191303669404996,-5.382149125767466,5
2.247236404073134,-5.377253003130008,5
2.2752811331718417,-5.3717673851538095,5
2.303257599891816,-5.365693632125815,5
2.3311588668154957,-5.359033250174779,5
2.358978015172866,-5.3517878908977785,5
2.386708146557127,-5.343959350950667,5
2.414342384635312,-5.335549571602547,5
2.441873876853438,-5.326560638254394,5
2.4692957961357536,-5.316994779921923,5
2.4966013425776756,-5.3068543686828615,5
2.5237837451319765,-5.296141919088731,5
2.550836263287832,-5.284860087541311,5
2.577752188742284,-5.273011671633914,5
2.60452484706372,-5.260599609457666,5
2.6311475993469573,-5.2476269788729315,5
2.6576138438595103,-5.23409699674609,5
2.6839170176786484,-5.220013018151837,5
2.7100505983188192,-5.205378535541218,5
2.73600810534906,-5.190197177875589,5
2.761783101999965,-5.174472709726736,5
2.787369196759834,-5.158209030343352,5
2.8127600449596004,-5.141410172684146,5
2.837949350346133,-5.124080302417754,5
2.8629308666435462,-5.106223716889782,5
2.8876983991021024,-5.087844844057171,5
2.9122458060343517,-5.068948241390183,5
2.936567000338103,-5.049538594742268,5
2.960655951005864,-5.029620717188102,5
2.9845066846203676,-5.009199547830069,5
3.0081132868358247,-4.988280150573497,5
3.0314699038445214,-4.966867712870943,5
3.0545707438284047,-4.944967544435848,5
3.077410078395304,-4.92258507592586,5
3.099982243999418,-4.899725857596186,5
3.12228164334572,-4.8763955579232725,5
3.144302746777942,-4.852599962199171,5
3.1660400936497783,-4.828344971096946,5
3.1874882936789852,-4.803636599207463,5
3.208642028284018,-4.7784809735479294,5
3.229496051902908,-4.752884332042559,5
3.2500451932940155,-4.726853021975732,5
3.2702843568183617,-4.700393498418037,5
3.290208523703212,-4.67351232262559,5
3.309812753286595,-4.6462161604130126,5
3.3290921842424583,-4.61851178050049,5
3.348042035786144,-4.590406052835313,5
3.3666576088599,-4.561905946888304,5
3.384934287298118,-4.533018529925586,5
3.402867538972021,-4.503750965256081,5
3.4204529169135083,-4.474110510455203,5
3.437686060417888,-4.444104515565172,5
3.4545626961252127,-4.413740421272403,5
3.471078639079961,-4.383025757062407,5
3.487229793768791,-4.351968139352692,5
3.5030121551361244,-4.32057526960408,5
3.518421809577289,-4.288854932410958,5
3.5334549359089884,-4.256814993570908,5
3.5481078063168567,-4.224463398134191,5
3.5623767872798533,-4.191808168433594,5
3.5762583404712815,-4.158857402095105,5
3.5897490236361973,-4.125619270029915,5
3.6028454914449997,-4.092102014408248,5
3.6155444963229812,-4.0583139466155265,5
3.627842889255639,-4.0242634451913695,5
3.6397376205695484,-3.989958953751935,5
3.6512257406886,-3.955408978896132,5
3.662304400865415,-3.9206220880962066,5
3.6729708538877586,-3.885606907573246,5
3.6832224547597767,-3.8503721201580934,5
3.6930566613578844,-3.8149264631382467,5
3.7024710350611425,-3.779278726091241,5
3.7114632413559723,-3.7434377487050687,5
3.720031050415053,-3.7074124185861717,5
3.728172337650259,-3.67121166905555,5
3.735885084239499,-3.6348444769335466,5
3.7431673776273335,-3.5983198603138207,5
3.7500174119992353,-3.56164687632711,5
3.7564334887293844,-3.5248346188953024,5
3.762414016801881,-3.4878922164763857,5
3.7679575132052756,-3.450828829800832,5
3.7730626033003167,-3.413653649599982,5
3.7777280211608226,-3.3763758943269933,5
3.781952609887601,-3.3390048078709,5
3.7857353218953245,-3.301549657264384,5
3.7890752191723087,-3.264019730385791,5
3.79197147351311,-3.2264243336559906,5
3.794423366723901,-3.1887727897306277,5
3.7964302908005623,-3.1510744351883533,5
3.797991748079451,-3.1133386182156078,5
3.799107351360809,-3.07557469628851,5
3.799776824004779,-3.0377920338524587,5
3.1,0.20000000000000018,5
3.0995514302135563,0.22841169478832946,5
3.098206167998344,0.2567950681814066,5
3.095965554340995,0.2851218270153608,5
3.092831822733932,0.31336373456094613,5
3.0888080969489713,0.3414926386705259,5
3.0838983879234823,0.3694804998407464,5
3.0781075897621966,0.39729941916292244,5
3.0714414748586565,0.42492166613327775,5
3.0639066881411714,0.45231970629531304,5
3.0555107404490047,0.47946622868675215,5
3.046262001045408,0.5063341730637019,5
3.0361696892749572,0.5328967568748926,5
3.0252438653735094,0.5591275019591069,5
3.0134954204399413,0.5850002609391889,5
3.000936065579662,0.6104892432863145,5
2.9875783202307344,0.635569041028555,5
2.9734354996842205,0.6602146540780942,5
2.9585217018112155,0.6844015151518601,5
2.942851793009779,0.7081055142607262,5
2.9264413933857867,0.7313030227428756,5
2.9093068611824733,0.7539709168173614,5
2.8914652764741735,0.7760866006343967,5
2.8729344241405386,0.7976280287993882,5
2.853732776138176,0.8185737283482659,5
2.8338794730874053,0.8389028201522,5
2.8133943051924706,0.8585950397303694,5
2.792297692514234,0.8776307574500395,5
2.770610664615015,0.8959909980938052,5
2.748354839595865,0.9136574597745009,5
2.7255524025471756,0.9306125321789187,5
2.702226083434096,0.9468393141221534,5
2.6783991344388114,0.9623216303950692,5
2.65409530678226,0.9770440478881013,5
2.6293388270484006,0.9909918909753146,5
2.6041543730346284,1.0041512561433867,5
2.5785670491524058,1.0165090258509335,5
2.552602361402644,1.0280528816043573,5
2.526286191950762,1.0387713162371917,5
2.499644773326785,1.0486536453806936,5
2.4727046622761857,1.057690018114256,5
2.445492713287543,1.0658714267850167,5
2.418036051823405,1.0731897159868877,5
2.3903620472810374,1.0796375906900368,5
2.362498285710012,1.0852086235127332,5
2.3344725423138346,1.0898972611283027,5
2.3063127537630175,1.093698829800803,5
2.2780469903471956,1.0966095400439064,5
2.2497034279940573,1.0986264903983414,5
2.221310320182962,1.0997476703241302,5
2.192895969781258,1.0999719622047408,5
2.1644887008313725,1.0992991424611485,5
2.1361168303167855,1.097729881774705,5
2.107808639935048,1.0952657444185911,5
2.079592347905969,1.091909186698513,5
2.0514960808430804,1.0876635545042026,5
2.0235478457164198,1.082533079974164,5
1.9957755019345689,1.0765228772769841,5
1.968206733573793,1.06963893751342,5
1.9408690217819502,1.061888122744337,5
1.9137896173846856,1.0532781591504587,5
1.8869955137212158,1.0438176293307428,5
1.8605134197367816,1.0335159637470572,5
1.8343697333585898,1.0223834313236932,5
1.8085905151817863,1.0104311292110766,5
1.7832014624916872,0.9976709717238879,5
1.758227883648166,0.9841156784646139,5
1.7336946728577303,0.9697787616443709,5
1.7096262853584367,0.9546745126136398,5
1.6860467130423749,0.9388179876163365,5
1.6629794605400299,0.9222249927814206,5
1.6404475217903545,0.9049120683670018,5
1.6184733571199112,0.8868964722726518,5
1.5970788708539303,0.8681961628363553,5
1.5762853894816014,0.848829780933245,5
1.5561136403973659,0.828816631393976,5
1.536583731239399,0.8081766637612482,5
1.517715129845879,0.7869304524036682,5
1.4995266448490228,0.7650991760067725,5
1.4820364069262326,0.7427045964616532,5
1.4652618507270407,0.7197690371722301,5
1.4492196974938742,0.6963153608027968,5
1.4339259383939549,0.672366946488022,5
1.4193958185789568,0.6479476665281148,5
1.4056438219883078,0.6230818625924028,5
1.392683656911283,0.5977943214550212,5
1.3805282423222842,0.5721102502869209,5
1.3691896950029256,0.5460552515288102,5
1.3586793174637617,0.5196552973700861,5
1.3490075866776996,0.49293670385919075,5
1.3401841436363247,0.4659261046712033,5
1.3322177837395492,0.4386504245588112,5
1.3251164480281685,0.41113685251313203,5
1.3188872152680569,0.3834128146611375,5
1.3135362948939004,0.3555059469266899,5
1.3090690208194986,0.3274440674824568,5
1.305489846120801,0.2992551490201478,5
1.302802338596986,0.2709672908667291,5
1.3010091772140007,0.24260869097440274,5
1.3001121494341081,0.21420761781227338,5
1.3001121494341084,0.18579238218772698,5
1.3010091772140007,0.15739130902559806,5
1.3028023385969862,0.12903270913327125,5
1.305489846120801,0.10074485097985297,5
1.3090690208194986,0.07255593251754355,5
1.3135362948939004,0.04449405307331045,5
1.3188872152680569,0.016587185338863275,5
1.3251164480281685,-0.011136852513131679,5
1.3322177837395492,-0.038650424558810625,5
1.3401841436363244,-0.06592610467120275,5
1.3490075866776996,-0.0929367038591904,5
1.3586793174637615,-0.11965529737008551,5
1.3691896950029254,-0.1460552515288096,5
1.3805282423222842,-0.1721102502869205,5
1.3926836569112828,-0.19779432145502085,5
1.4056438219883078,-0.2230818625924027,5
1.419395818578957,-0.24794766652811462,5
1.4339259383939549,-0.2723669464880212,5
1.449219697493874,-0.2963153608027964,5
1.4652618507270407,-0.31976903717222926,5
1.4820364069262324,-0.34270459646165286,5
1.499526644849023,-0.36509917600677255,5
1.5177151298458789,-0.38693045240366786,5
1.5365837312393988,-0.40817666376124784,5
1.5561136403973657,-0.42881663139397563,5
1.5762853894816011,-0.44882978093324466,5
1.5970788708539303,-0.4681961628363549,5
1.618473357119911,-0.4868964722726514,5
1.6404475217903542,-0.5049120683670014,5
1.6629794605400299,-0.5222249927814202,5
1.6860467130423746,-0.5388179876163361,5
1.7096262853584367,-0.5546745126136394,5
1.73369467285773,-0.5697787616443704,5
1.7582278836481655,-0.5841156784646133,5
1.7832014624916872,-0.5976709717238875,5
1.8085905151817863,-0.6104311292110762,5
1.83436973335859,-0.6223834313236929,5
1.8605134197367812,-0.6335159637470567,5
1.8869955137212158,-0.6438176293307425,5
1.9137896173846858,-0.6532781591504586,5
1.94086902178195,-0.6618881227443365,5
1.9682067335737932,-0.6696389375134197,5
1.9957755019345684,-0.6765228772769838,5
2.0235478457164198,-0.6825330799741636,5
2.051496080843081,-0.6876635545042022,5
2.079592347905969,-0.6919091866985125,5
2.1078086399350484,-0.695265744418591,5
2.1361168303167855,-0.6977298817747046,5
2.1644887008313725,-0.6992991424611479,5
2.1928959697812576,-0.6999719622047407,5
2.2213103201829614,-0.6997476703241303,5
2.2497034279940573,-0.698626490398341,5
2.2780469903471956,-0.6966095400439059,5
2.3063127537630175,-0.6936988298008024,5
2.3344725423138346,-0.6898972611283023,5
2.3624982857100116,-0.6852086235127328,5
2.3903620472810374,-0.6796375906900365,5
2.4180360518234045,-0.6731897159868876,5
2.445492713287543,-0.6658714267850165,5
2.4727046622761852,-0.6576900181142555,5
2.499644773326785,-0.6486536453806933,5
2.526286191950762,-0.6387713162371911,5
2.5526023614026436,-0.6280528816043569,5
2.578567049152406,-0.6165090258509329,5
2.6041543730346275,-0.6041512561433864,5
2.6293388270484006,-0.5909918909753142,5
2.65409530678226,-0.5770440478881007,5
2.678399134438811,-0.5623216303950689,5
2.702226083434096,-0.546839314122153,5
2.7255524025471756,-0.5306125321789188,5
2.748354839595865,-0.5136574597745005,5
2.770610664615015,-0.49599099809380487,5
2.792297692514234,-0.47763075745003936,5
2.8133943051924706,-0.45859503973036886,5
2.833879473087405,-0.4389028201521996,5
2.8537327761381754,-0.41857372834826556,5
2.8729344241405377,-0.3976280287993883,5
2.8914652764741735,-0.37608660063439636,5
2.9093068611824733,-0.35397091681736104,5
2.9264413933857867,-0.3313030227428757,5
2.942851793009779,-0.30810551426072585,5
2.9585217018112155,-0.28440151515185974,5
2.9734354996842205,-0.26021465407809385,5
2.9875783202307344,-0.23556904102855447,5
3.000936065579662,-0.21048924328631435,5
3.0134954204399413,-0.18500026093918853,5
3.0252438653735094,-0.1591275019591072,5
3.0361696892749572,-0.13289675687489222,5
3.046262001045408,-0.10633417306370108,5
3.0555107404490043,-0.07946622868675202,5
3.0639066881411714,-0.052319706295312685,5
3.0714414748586565,-0.024921666133277842,5
3.0781075897621966,0.002700580837077915,5
3.0838983879234823,0.03051950015925442,5
3.0888080969489713,0.05850736132947443,5
3.092831822733932,0.08663626543905423,5
3.095965554340995,0.11487817298463954,5
3.098206167998344,0.14320493181859373,5
3.0995514302135563,0.1715883052116709,5
2.9,1.0,5
2.891836734693878,1.0122448979591838,5
2.8836734693877553,1.0244897959183672,5
2.8755102040816327,1.036734693877551,5
2.86734693877551,1.0489795918367348,5
2.8591836734693876,1.0612244897959182,5
2.851020408163265,1.073469387755102,5
2.842857142857143,1.0857142857142859,5
2.8346938775510204,1.0979591836734692,5
2.826530612244898,1.110204081632653,5
2.8183673469387758,1.1224489795918369,5
2.8102040816326532,1.1346938775510202,5
2.8020408163265307,1.146938775510204,5
2.793877551020408,1.1591836734693879,5
2.7857142857142856,1.1714285714285713,5
2.777551020408163,1.183673469387755,5
2.769387755102041,1.195918367346939,5
2.7612244897959184,1.2081632653061223,5
2.753061224489796,1.220408163265306,5
2.7448979591836737,1.23265306122449,5
2.736734693877551,1.2448979591836733,5
2.7285714285714286,1.2571428571428571,5
2.720408163265306,1.269387755102041,5
2.7122448979591836,1.2816326530612248,5
2.704081632653061,1.2938775510204081,5
2.695918367346939,1.306122448979592,5
2.6877551020408164,1.3183673469387753,5
2.679591836734694,1.3306122448979592,5
2.6714285714285717,1.342857142857143,5
2.663265306122449,1.3551020408163268,5
2.6551020408163266,1.3673469387755102,5
2.646938775510204,1.379591836734694,5
2.6387755102040815,1.3918367346938778,5
2.630612244897959,1.4040816326530612,5
2.622448979591837,1.416326530612245,5
2.6142857142857143,1.4285714285714288,5
2.6061224489795918,1.4408163265306122,5
2.5979591836734697,1.453061224489796,5
2.589795918367347,1.4653061224489798,5
2.5816326530612246,1.4775510204081632,5
2.573469387755102,1.489795918367347,5
2.5653061224489795,1.5020408163265309,5
2.557142857142857,1.5142857142857142,5
2.548979591836735,1.526530612244898,5
2.5408163265306123,1.5387755102040819,5
2.5326530612244897,1.5510204081632653,5
2.5244897959183676,1.563265306122449,5
2.516326530612245,1.575510204081633,5
2.5081632653061225,1.5877551020408163,5
2.5,1.6,5
2.4918367346938775,1.5877551020408163,5
2.483673469387755,1.575510204081633,5
2.475510204081633,1.563265306122449,5
2.4673469387755103,1.5510204081632653,5
2.4591836734693877,1.5387755102040819,5
2.451020408163265,1.526530612244898,5
2.442857142857143,1.5142857142857142,5
2.4346938775510205,1.5020408163265309,5
2.426530612244898,1.489795918367347,5
2.4183673469387754,1.4775510204081632,5
2.410204081632653,1.4653061224489798,5
2.4020408163265308,1.453061224489796,5
2.3938775510204082,1.4408163265306122,5
2.3857142857142857,1.4285714285714288,5
2.377551020408163,1.416326530612245,5
2.369387755102041,1.4040816326530612,5
2.3612244897959185,1.3918367346938778,5
2.353061224489796,1.379591836734694,5
2.3448979591836734,1.3673469387755102,5
2.336734693877551,1.3551020408163268,5
2.3285714285714287,1.342857142857143,5
2.320408163265306,1.3306122448979592,5
2.3122448979591836,1.3183673469387758,5
2.304081632653061,1.306122448979592,5
2.295918367346939,1.2938775510204081,5
2.2877551020408164,1.2816326530612248,5
2.279591836734694,1.269387755102041,5
2.2714285714285714,1.2571428571428571,5
2.263265306122449,1.2448979591836737,5
2.2551020408163267,1.23265306122449,5
2.246938775510204,1.220408163265306,5
2.2387755102040816,1.2081632653061227,5
2.230612244897959,1.195918367346939,5
2.222448979591837,1.183673469387755,5
2.2142857142857144,1.1714285714285717,5
2.206122448979592,1.1591836734693879,5
2.1979591836734693,1.146938775510204,5
2.1897959183673468,1.1346938775510207,5
2.1816326530612247,1.1224489795918369,5
2.173469387755102,1.110204081632653,5
2.1653061224489796,1.0979591836734697,5
2.157142857142857,1.0857142857142859,5
2.148979591836735,1.073469387755102,5
2.1408163265306124,1.0612244897959187,5
2.13265306122449,1.0489795918367348,5
2.1244897959183673,1.036734693877551,5
2.1163265306122447,1.0244897959183676,5
2.108163265306122,1.0122448979591838,5
2.1,1.0,5
2.1163265306122447,1.0,5
2.13265306122449,1.0,5
2.148979591836735,1.0,5
2.1653061224489796,1.0,5
2.1816326530612247,1.0,5
2.1979591836734693,1.0,5
2.2142857142857144,1.0,5
2.230612244897959,1.0,5
2.246938775510204,1.0,5
2.263265306122449,1.0,5
2.279591836734694,1.0,5
2.295918367346939,1.0,5
2.3122448979591836,1.0,5
2.3285714285714287,1.0,5
2.3448979591836734,1.0,5
2.3612244897959185,1.0,5
2.377551020408163,1.0,5
2.3938775510204082,1.0,5
2.410204081632653,1.0,5
2.426530612244898,1.0,5
2.442857142857143,1.0,5
2.4591836734693877,1.0,5
2.475510204081633,1.0,5
2.4918367346938775,1.0,5
2.5081632653061225,1.0,5
2.524489795918367,1.0,5
2.5408163265306123,1.0,5
2.557142857142857,1.0,5
2.573469387755102,1.0,5
2.589795918367347,1.0,5
2.6061224489795918,1.0,5
2.6224489795918364,1.0,5
2.6387755102040815,1.0,5
2.6551020408163266,1.0,5
2.6714285714285713,1.0,5
2.6877551020408164,1.0,5
2.704081632653061,1.0,5
2.720408163265306,1.0,5
2.736734693877551,1.0,5
2.753061224489796,1.0,5
2.769387755102041,1.0,5
2.7857142857142856,1.0,5
2.8020408163265307,1.0,5
2.8183673469387753,1.0,5
2.8346938775510204,1.0,5
2.851020408163265,1.0,5
2.86734693877551,1.0,5
2.8836734693877553,1.0,5
2.0918367346938775,1.0122448979591838,5
2.083673469387755,1.0244897959183672,5
2.0755102040816324,1.036734693877551,5
2.0673469387755103,1.0489795918367348,5
2.059183673469388,1.0612244897959182,5
2.0510204081632653,1.073469387755102,5
2.0428571428571427,1.0857142857142859,5
2.0346938775510206,1.0979591836734692,5
2.026530612244898,1.110204081632653,5
2.0183673469387755,1.1224489795918369,5
2.010204081632653,1.1346938775510202,5
2.0020408163265304,1.146938775510204,5
1.993877551020408,1.1591836734693879,5
1.9857142857142858,1.1714285714285713,5
1.9775510204081632,1.183673469387755,5
1.969387755102041,1.195918367346939,5
1.9612244897959183,1.2081632653061223,5
1.953061224489796,1.220408163265306,5
1.9448979591836735,1.23265306122449,5
1.936734693877551,1.2448979591836733,5
1.9285714285714286,1.2571428571428571,5
1.920408163265306,1.269387755102041,5
1.9122448979591837,1.2816326530612248,5
1.9040816326530612,1.2938775510204081,5
1.8959183673469389,1.306122448979592,5
1.8877551020408163,1.3183673469387753,5
1.879591836734694,1.3306122448979592,5
1.8714285714285714,1.342857142857143,5
1.863265306122449,1.3551020408163268,5
1.8551020408163266,1.3673469387755102,5
1.846938775510204,1.379591836734694,5
1.8387755102040817,1.3918367346938778,5
1.8306122448979592,1.4040816326530612,5
1.8224489795918368,1.416326530612245,5
1.8142857142857143,1.4285714285714288,5
1.806122448979592,1.4408163265306122,5
1.7979591836734694,1.453061224489796,5
1.7897959183673469,1.4653061224489798,5
1.7816326530612245,1.4775510204081632,5
1.773469387755102,1.489795918367347,5
1.7653061224489797,1.5020408163265309,5
1.7571428571428571,1.5142857142857142,5
1.7489795918367346,1.526530612244898,5
1.7408163265306122,1.5387755102040819,5
1.73265306122449,1.5510204081632653,5
1.7244897959183674,1.563265306122449,5
1.7163265306122448,1.575510204081633,5
1.7081632653061223,1.5877551020408163,5
1.7,1.6,5
1.6918367346938776,1.5877551020408163,5
1.683673469387755,1.575510204081633,5
1.6755102040816325,1.563265306122449,5
1.6673469387755102,1.5510204081632653,5
1.6591836734693879,1.5387755102040819,5
1.6510204081632653,1.526530612244898,5
1.6428571428571428,1.5142857142857142,5
1.6346938775510205,1.5020408163265309,5
1.626530612244898,1.489795918367347,5
1.6183673469387756,1.4775510204081632,5
1.610204081632653,1.4653061224489798,5
1.6020408163265305,1.453061224489796,5
1.5938775510204082,1.4408163265306122,5
1.5857142857142859,1.4285714285714288,5
1.5775510204081633,1.416326530612245,5
1.5693877551020408,1.4040816326530612,5
1.5612244897959184,1.3918367346938778,5
1.5530612244897959,1.379591836734694,5
1.5448979591836736,1.3673469387755102,5
1.536734693877551,1.3551020408163268,5
1.5285714285714285,1.342857142857143,5
1.5204081632653061,1.3306122448979592,5
1.5122448979591838,1.3183673469387758,5
1.5040816326530613,1.306122448979592,5
1.4959183673469387,1.2938775510204081,5
1.4877551020408164,1.2816326530612248,5
1.479591836734694,1.269387755102041,5
1.4714285714285715,1.2571428571428571,5
1.463265306122449,1.2448979591836737,5
1.4551020408163267,1.23265306122449,5
1.4469387755102041,1.220408163265306,5
1.4387755102040818,1.2081632653061227,5
1.4306122448979592,1.195918367346939,5
1.4224489795918367,1.183673469387755,5
1.4142857142857144,1.1714285714285717,5
1.4061224489795918,1.1591836734693879,5
1.3979591836734695,1.146938775510204,5
1.389795918367347,1.1346938775510207,5
1.3816326530612246,1.1224489795918369,5
1.373469387755102,1.110204081632653,5
1.3653061224489798,1.0979591836734697,5
1.3571428571428572,1.0857142857142859,5
1.3489795918367347,1.073469387755102,5
1.3408163265306123,1.0612244897959187,5
1.33265306122449,1.0489795918367348,5
1.3244897959183675,1.036734693877551,5
1.316326530612245,1.0244897959183676,5
1.3081632653061224,1.0122448979591838,5
1.3,1.0,5
1.316326530612245,1.0,5
1.3326530612244898,1.0,5
1.3489795918367347,1.0,5
1.3653061224489798,1.0,5
1.3816326530612244,1.0,5
1.3979591836734695,1.0,5
1.4142857142857144,1.0,5
1.4306122448979592,1.0,5
1.4469387755102041,1.0,5
1.463265306122449,1.0,5
1.4795918367346939,1.0,5
1.4959183673469387,1.0,5
1.5122448979591838,1.0,5
1.5285714285714285,1.0,5
1.5448979591836736,1.0,5
1.5612244897959184,1.0,5
1.5775510204081633,1.0,5
1.5938775510204082,1.0,5
1.610204081632653,1.0,5
1.626530612244898,1.0,5
1.6428571428571428,1.0,5
1.6591836734693877,1.0,5
1.6755102040816325,1.0,5
1.6918367346938776,1.0,5
1.7081632653061225,1.0,5
1.7244897959183674,1.0,5
1.7408163265306122,1.0,5
1.7571428571428571,1.0,5
1.773469387755102,1.0,5
1.7897959183673469,1.0,5
1.8061224489795917,1.0,5
1.8224489795918366,1.0,5
1.8387755102040817,1.0,5
1.8551020408163266,1.0,5
1.8714285714285714,1.0,5
1.8877551020408163,1.0,5
1.9040816326530612,1.0,5
1.920408163265306,1.0,5
1.936734693877551,1.0,5
1.9530612244897958,1.0,5
1.9693877551020407,1.0,5
1.9857142857142858,1.0,5
2.0020408163265304,1.0,5
2.0183673469387755,1.0,5
2.03469387755102,1.0,5
2.0510204081632653,1.0,5
2.0673469387755103,1.0,5
2.083673469387755,1.0,5
0.6000000000000001,-3.0,5
0.6061160570237485,-2.9927727424709087,5
0.611613142074217,-2.9855554316894066,5
0.616492213626664,-2.978358004136521,5
0.6207548680406041,-2.9711903757707527,5
0.6244033379121181,-2.9640624317932938,5
0.6274404897694752,-2.95698401644499,5
0.6298698211144369,-2.949964922845583,5
0.631695456812303,-2.943014882885716,5
0.6329221448344193,-2.9361435571821355,5
0.633555251357548,-2.9293605251064623,5
0.6336007552251535,-2.922675274897819,5
0.6330652417763227,-2.9160971938695153,5
0.6319558960486926,-2.909635558719911,5
0.6302804953623915,-2.9032995259574466,5
0.6280474012926598,-2.897098122449729,5
0.6252655510394272,-2.8910402361064262,5
0.621944448202759,-2.8851346067055883,5
0.6180941529736901,-2.8793898168728624,5
0.6137252717505719,-2.873814283222914,5
0.6088489461916518,-2.8684162476721937,5
0.6034768417151786,-2.8632037689320247,5
0.5976211354589145,-2.85818471419078,5
0.5912945037114665,-2.853366750993745,5
0.5845101088284241,-2.848757339329039,5
0.5772815856467992,-2.8443637239277715,5
0.5696230274117922,-2.8401929267863704,5
0.5615489712304129,-2.8362517399188123,5
0.5530743830669673,-2.832546718346227,5
0.5442146422958984,-2.8290841733311165,5
0.5349855258279232,-2.825870165863165,5
0.525403191825855,-2.8229105004033768,5
0.5154841630269111,-2.820210718892984,5
0.5052453096887279,-2.8177760950333193,5
0.4947038321766797,-2.8156116288425483,5
0.483877243210475,-2.813722041494891,5
0.47278334978835934,-2.8121117704476477,5
0.4614402348075739,-2.8107849648610648,5
0.44986623840004536,-2.8097454813157716,5
0.4380799390025716,-2.808996879832196,5
0.4261001341810384,-2.808542420196084,5
0.41394582122846324,-2.8083850585939003,5
0.4016361775568891,-2.8085274445615953,5
0.3891905409033687,-2.8089719182498776,5
0.3766283893704667,-2.809720508008822,5
0.3639693213218884,-2.810774928294303,5
0.351233035153973,-2.8121365778984133,5
0.33843930896394614,-2.8138065385056996,5
0.32560798013590153,-2.8157855735766963,5
0.312758924865596,-2.8180741275599184,5
0.2999120376451787,-2.820672325433124,5
0.2870872107290412,-2.8235799725743176,5
0.2743043136019745,-2.826796554962628,5
0.26158317247082685,-2.8303212397088595,5
0.2489435498008341,-2.8341528759151573,5
0.23640512391773738,-2.838289995862912,5
0.22398746869674913,-2.8427308165276695,5
0.21171003335932648,-2.847473241419482,5
0.19959212239860502,-2.8525148627468075,5
0.1876528756542155,-2.857852963901718,5
0.1759112485570502,-2.863484522263853,5
0.16438599256436337,-2.869406212320225,5
0.15309563580540453,-2.8756144090976576,5
0.14205846395756438,-2.8821051919043095,5
0.13129250137276172,-2.8888743483764263,5
0.12081549247356338,-2.8959173788261467,5
0.11064488343823031,-2.903229500885863,5
0.10079780419360018,-2.9108056544443555,5
0.09129105073438804,-2.9186405068696013,5
0.08214106778715546,-2.9267284585128612,5
0.07336393183684442,-2.935063648488376,5
0.06497533453338988,-2.9436399607226904,5
0.05699056649554257,-2.952451030267379,5
0.04942450152861655,-2.9614902498686417,5
0.04229158127245247,-2.970750776786997,5
0.03560580029544069,-2.9802255398600375,5
0.029380691649990354,-2.989907246800944,5
0.023629312904355215,-2.9997883917252435,5
0.01836423266522824,-3.0098612628980224,5
0.01359751760502359,-3.020117950693618,5
0.009340720007227077,-3.0305503557595577,5
0.005604865842677276,-3.041150197376326,5
0.002400443389080742,-3.051909022004333,5
-0.00026260759449137083,-3.0628182120092564,5
-0.0023749061269517924,-3.073868994556755,5
-0.003927639687801854,-3.085052450667373,5
-0.004912573312997104,-3.0963595244222892,5
-0.005322058094685556,-3.1077810323104043,5
-0.00514903907605202,-3.11930767270713,5
-0.0043870625331061675,-3.130930035475083,5
-0.003030282635912762,-3.142638611676782,5
-0.0010734674823815737,-3.154423803389325,5
0.0014879955016158242,-3.1662759336109083,5
0.004658094801360146,-3.1781852562489714,5
0.008440190696561434,-3.1901419661796506,5
0.0128370117930372,-3.202136209368164,5
0.017850652206375273,-3.2141580930396785,5
0.023482569400486986,-3.2261976958901646,5
0.029733582683280524,-3.2382450783266954,5
0.036603872361010925,-3.250290292726623,5
0.04409297955217717,-3.2623233937050453,5
0.05219980666115642,-3.2743344483799603,5
0.06092261851109293,-3.2863135466245152,5
0.07025904413486161,-3.2982508112957705,5
0.08020607922227141,-3.31013640842942,5
0.09076008922096968,-3.321960557389941,5
0.10191681308785627,-3.3337135409657055,5
0.11367136768713015,-3.345385715398623,5
0.12601825283042967,-3.356967520337972,5
0.13895135695386784,-3.3684494887081415,5
0.15246396342609847,-3.3798222564800975,5
0.1665487574809048,-3.3910765723364893,5
0.18119783376715493,-3.4022033072204225,5
0.1964027045083303,-3.4131934637580383,5
0.21215430826320647,-3.424038185545176,5
0.2284430192786444,-3.434728766288535,5
0.2452586574248361,-3.445256658791897,5
0.26259049870275186,-3.455613483778139,5
0.28042728631294467,-3.4657910385379234,5
0.29875724227428546,-3.475781305396147,5
0.31756807958063704,-3.4855764599874086,5
0.33684701488291946,-3.495168879331942,5
0.3565807816834774,-3.504551149703701,5
0.37675564402913064,-3.513716074282452,5
0.3973574106887745,-3.5226566805819903,5
0.4183714498008957,-3.5313662276468163,5
0.4397827039758879,-3.5398382130098223,5
0.4615757058375727,-3.5480663794038363,5
0.4837345939878972,-3.5560447212200748,5
0.5062431293783143,-3.563767490706849,5
0.5290847120709594,-3.571229203902118,5
0.5522423983723224,-3.578424646293781,5
0.5756989183217216,-3.585348878201845,5
0.5994366935165432,-3.5919972398769273,5
0.6234378552558317,-3.598365356309833,5
0.6476842629835204,-3.604449141747229,5
0.672157523012249,-3.6102448039087642,5
0.6968390075084621,-3.615748847901285,5
0.7217098737191716,-3.620958079826096,5
0.7467510834205573,-3.625869610075549,5
0.7719434225683164,-3.6304808563155646,5
0.7972675211294915,-3.6347895461509907,5
0.8227038730753025,-3.638793719471062,5
0.8482328565143409,-3.6424917304725346,5
0.8738347539453628,-3.6458822493584044,5
0.8994897726087521,-3.6489642637104636,5
0.9251780649156767,-3.651737079534266,5
0.9508797489338234,-3.654200321975441,5
0.9765749289085919,-3.656353935706594,5
1.002243715798544,-3.6581981849844203,5
1.0278662478039367,-3.6597336533769447,5
1.0534227108671244,-3.6609612431611938,5
1.078893359123695,-3.661882174391909,5
1.1042585352832162,-3.6624979836422624,5
1.1294986909185531,-3.662810522417878,5
1.1545944066428375,-3.6628219552457972,5
1.1795264121532316,-3.6625347574403566,5
1.2042756061208268,-3.661951712548283,5
1.2288230759061256,-3.6610759094756515,5
1.253150117079778,-3.659910739299661,5
1.2772382527284014,-3.658459891768527,5
1.3010692525255787,-3.656727351493097,5
1.324625151548338,-3.6547173938341215,5
1.3478882688196923,-3.652434580489434,5
1.3708412255581097,-3.649883754785579,5
1.393466963115064,-3.647070036678763,5
1.415748760582169,-3.643998817470274,5
1.4376702520497022,-3.640675754241839,5
1.459215443498727,-3.6371067640166515,5
1.4803687293093561,-3.6332980176520997,5
1.5011149083681385,-3.629255933470501,5
1.5214391997579233,-3.6249871706344123,5
1.5413272580140251,-3.6204986222733604,5
1.560765187930934,-3.615797408369076,5
1.579739558904285,-3.610890868406592,5
1.5982374187932957,-3.605786553798767,5
1.6162463072893476,-3.6004922200920833,5
1.6337542687769318,-3.595015818961732,5
1.6507498646736631,-3.589365490004274,5
1.6672221852366493,-3.583549552336334,5
1.683160860823004,-3.5775764960080023,5
1.6985560725929072,-3.5714549732398053,5
1.713398562644142,-3.5651937894922967,5
1.727679643567664,-3.5588018943774764,5
1.7413912074143356,-3.5522883724214243,5
1.7545257340635625,-3.545662433687684,5
1.7670762989852107,-3.5389334042710727,5
1.7790365803867747,-3.532110716671724,5
1.7904008657384345,-3.5252039000593136,5
1.8011640576692571,-3.5182225704374956,5
1.8113216792284623,-3.511176420718725,5
1.8208698785063175,-3.504075210719689,5
1.829805432609899,-3.496928757087688,5
1.8381257509896067,-3.489746923168356,5
1.845828878113008,-3.4825396088251845,5
1.8529134954832465,-3.4753167402213507,5
1.8593789229999298,-3.468088259574403,5
1.8652251196610994,-3.4608641148943753,5
1.8704526836055486,-3.453654249715921,5
1.8750628514954548,-3.4464685928350685,5
1.8790574972399523,-3.439317048061189,5
1.8824391300609742,-3.432209483994753,5
1.8852108919033514,-3.425155723841428,5
1.8873765541918466,-3.4181655352730296,5
1.888940513938468,-3.411248620345799,5
1.8899077892040812,-3.4044146054863926,5
1.8902840139190067,-3.397673031555947,5
1.8900754320679405,-3.3910333440024494,5
1.8892888912452122,-3.384504883111596,5
1.8879318355870205,-3.378096874366192,5
1.8860122980879492,-3.3718184189240437,5
1.8835388923096912,-3.3656784842241754,5
1.8805208034905367,-3.359685894731064,5
1.8769677790648074,-3.3538493228264445,5
1.8728901186020144,-3.3481772798580876,5
1.8682986631761325,-3.342678107354792,5
1.8632047841759558,-3.3373599684166506,5
1.85762037156809,-3.3322308392894873,5
1.8515578216246913,-3.3272985011321543,5
1.8450300241286217,-3.3225705319851864,5
1.8380503490692264,-3.318054298949109,5
1.8306326328424636,-3.313756950580464,5
1.822791163969632,-3.30968540951341,5
1.8145406683494365,-3.305846365314505,5
1.8058962940586132,-3.302246267578057,5
1.7968735957168012,-3.2988913192691527,5
1.787488518431803,-3.2957874703212555,5
1.7777573813417982,-3.292940411494963,5
1.7676968607715016,-3.2903555685042756,5
1.7573239730196533,-3.2880380964164306,5
1.7466560567955989,-3.285992874331085,5
1.7357107553230964,-3.2842245003443424,5
1.7245059981298154,-3.2827372868028144,5
1.71305998254133,-3.2815352558526203,5
1.7013911548986989,-3.2806221352879197,5
1.6895181915190283,-3.28000135470326,5
1.677459979418661,-3.279676041953709,5
1.6652355968188925,-3.279649019926436,5
1.6528642934543374,-3.2799228036270547,5
1.6403654707042605,-3.2804995975837596,5
1.6277586615673973,-3.281381293571913,5
1.615063510500915,-3.2825694686614453,5
1.6022997531443355,-3.284065383589078,5
1.589487195949343,-3.2858699814570502,5
1.5766456957365036,-3.2879838867596956,5
1.563795139199994,-3.290407404738865,5
1.5509554223815003,-3.2931405210688744,5
1.5381464301344652,-3.296182901871288,5
1.5253880155998836,-3.299533894059533,5
1.512699979714832,-3.3031925260129853,5
5.8,0.0,6
5.799776824004779,0.03779203385245844,6
5.799107351360809,0.07557469628850977,6
5.7979917480794505,0.11333861821560798,6
5.796430290800562,0.15107443518835373,6
5.794423366723901,0.1887727897306266,6
5.79197147351311,0.22642433365598946,6
5.789075219172309,0.2640197303857903,6
5.7857353218953245,0.30154965726438343,6
5.7819526098876,0.33900480787090026,6
5.777728021160822,0.3763758943269935,6
5.773062603300317,0.4136536495999823,6
5.767957513205276,0.45082882980083083,6
5.762414016801881,0.4878922164763846,6
5.756433488729384,0.5248346188953019,6
5.750017411999235,0.5616468763271099,6
5.7431673776273335,0.5983198603138208,6
5.735885084239499,0.634844476933547,6
5.728172337650259,0.6712116690555505,6
5.720031050415054,0.7074124185861702,6
5.711463241355973,0.7434377487050677,6
5.7024710350611425,0.7792787260912404,6
5.693056661357884,0.8149264631382463,6
5.683222454759777,0.8503721201580933,6
5.672970853887758,0.885606907573246,6
5.662304400865414,0.920622088096207,6
5.6512257406886,0.9554089788961309,6
5.639737620569549,0.9899589537519341,6
5.627842889255639,1.0242634451913688,6
5.615544496322982,1.0583139466155262,6
5.602845491445,1.0921020144082478,6
5.589749023636197,1.125619270029915,6
5.576258340471281,1.1588574020951055,6
5.562376787279853,1.1918081684335935,6
5.548107806316857,1.2244633981341893,6
5.533454935908988,1.2568149935709065,6
5.518421809577289,1.2888549324109582,6
5.503012155136124,1.32057526960408,6
5.48722979376879,1.3519681393526926,6
5.471078639079961,1.3830257570624078,6
5.454562696125214,1.413740421272402,6
5.437686060417889,1.4441045155651715,6
5.420452916913509,1.4741105104552024,6
5.402867538972021,1.5037509652560812,6
5.384934287298118,1.5330185299255867,6
5.366657608859899,1.5619059468883048,6
5.348042035786143,1.5904060528353128,6
5.329092184242458,1.61851178050049,6
5.309812753286596,1.6462161604130117,6
5.290208523703212,1.6735123226255888,6
5.270284356818363,1.7003934984180362,6
5.2500451932940155,1.7268530219757314,6
5.229496051902908,1.7528843320425591,6
5.208642028284018,1.7784809735479299,6
5.187488293678985,1.8036365992074634,6
5.166040093649779,1.828344971096946,6
5.144302746777942,1.8525999621991702,6
5.122281643345721,1.8763955579232716,6
5.099982243999418,1.8997258575961862,6
5.077410078395304,1.9225850759258598,6
5.054570743828404,1.9449675444358474,6
5.031469903844521,1.9668677128709433,6
5.008113286835826,1.9882801505734966,6
4.984506684620368,2.0091995478300686,6
4.960655951005864,2.0296207171881013,6
4.936567000338103,2.0495385947422675,6
4.912245806034352,2.0689482413901827,6
4.887698399102102,2.0878448440571717,6
4.862930866643546,2.106223716889782,6
4.8379493503461335,2.124080302417754,6
4.812760044959601,2.1414101726841452,6
4.787369196759835,2.1582090303433525,6
4.761783101999965,2.1744727097267345,6
4.73600810534906,2.1901971778755898,6
4.710050598318819,2.205378535541219,6
4.683917017678648,2.220013018151838,6
4.657613843859511,2.23409699674609,6
4.631147599346958,2.2476269788729315,6
4.60452484706372,2.2605996094576657,6
4.577752188742284,2.273011671633914,6
4.550836263287832,2.2848600875413108,6
4.523783745131976,2.2961419190887318,6
4.496601342577676,2.306854368682861,6
4.4692957961357545,2.3169947799219224,6
4.441873876853439,2.3265606382543935,6
4.4143423846353125,2.3355495716025474,6
4.386708146557127,2.3439593509506667,6
4.358978015172866,2.3517878908977785,6
4.331158866815495,2.359033250174779,6
4.303257599891816,2.365693632125815,6
4.275281133171843,2.3717673851538086,6
4.247236404073135,2.377253003130008,6
4.2191303669405,2.3821491257674663,6
4.190969991321505,2.38645453895836,6
4.162762260238208,2.3901681750750505,6
4.1345141684555635,2.393289113234832,6
4.106232720746901,2.395816579528282,6
4.07792493015693,2.3977499472111723,6
4.0495978162626916,2.3990887368598837,6
4.021258403432892,2.3998326164902917,6
3.9929137190860446,2.3999814016400887,6
3.964570791947859,2.3995350554145274,6
3.9362366503083033,2.3984936884955648,6
3.9079183202787764,2.3968575591144217,6
3.87962282404982,2.3946270729875465,6
3.8513571781498017,2.3918027832160074,6
3.823128391705005,2.388385390148338,6
3.79494346470155,2.3843757412068705,6
3.7668093862495855,2.3797748306775968,6
3.7387331328501774,2.3745837994636134,6
3.710721666665318,2.3688039348022065,6
3.6827819337915013,2.3624366699456503,6
3.6549208625372707,2.3554835838058032,6
3.627145361705189,2.347946400562574,6
3.599462318878634,2.339826989236377,6
3.5718785987138655,2.3311273632246587,6
3.5444010412377724,2.3218496798026353,6
3.5170364601517274,2.31199623958834,6
3.489791641141973,2.3015694859721365,6
3.46267334019695,2.290572004510818,6
3.4356882819319936,2.2790065222864637,6
3.40884315792181,2.2668759072301903,6
3.38214462504114,2.254183167410984,6
3.3555993038140364,2.2409314502897804,6
3.3292137767721464,2.2271240419389753,6
3.3029945868224226,2.2127643662275696,6
3.276948235624655,2.1978559839721377,6
3.251081181979233,2.182402592053844,6
3.225399840225535,2.166408022501711,6
3.199910578651344,2.1498762415423815,6
3.1746197179136812,2.1328113486165967,6
3.149533529471453,2.1152175753626503,6
3.124658234030294,2.097099284567047,6
3.1000000000000005,2.078460969082653,6
3.075564941964928,2.0593072507145878,6
3.0513591191677385,2.0396428790741408,6
3.0273885340068682,2.0194727304009894,6
3.003659130548094,1.9988018063540276,6
2.980176793050564,1.9776352327710847,6
2.956947344507657,1.9559782583978547,6
2.933976545203037,1.933836253586348,6
2.9112700912822524,1.9112147089631861,6
2.888833613340253,1.8881192340680752,6
2.866672675025141,1.8645555559627873,6
2.8447927716585433,1.8405295178110022,6
2.8231993288729145,1.8160470774293591,6
2.8018977012661255,1.791114305810079,6
2.780893171073666,1.7657373856155163,6
2.760190946858792,1.7399226096450262,6
2.7397961622209395,1.7136763792745193,6
2.7197138745227294,1.6870052028690883,6
2.699949063635876,1.6599156941691087,6
2.6805066307063123,1.6324145706502065,6
2.6613913969388383,1.6045086518575065,6
2.642608102401587,1.5762048577145626,6
2.6241614048506143,1.5475102068074038,6
2.606055878574905,1.5184318146441131,6
2.5882960132620645,1.4889768918903679,6
2.570886212884999,1.4591527425813904,6
2.5538307946098495,1.4289667623107394,6
2.537133987725446,1.3984264363964038,6
2.520799932594559,1.3675393380246388,6
2.5048326796271985,1.3363131263720198,6
2.489236188276224,1.3047555447061734,6
2.4740143260554994,1.2728744184656493,6
2.45917086758086,1.2406776533194217,6
2.444709493634102,1.208173233206495,6
2.4306337902502513,1.175369218356102,6
2.41694724782832,1.1422737432889767,6
2.4036532602657816,1.1088950148002132,6
2.390755124116975,1.0752413099242015,6
2.3782560377756456,1.0413209738821396,6
2.3661591006818323,1.0071424180126434,6
2.3544673125532825,0.9727141176859577,6
2.3431835726416117,0.9380446102022949,6
2.332310679013357,0.9031424926748055,6
2.3218513278561366,0.868016419897727,6
2.3118081128100663,0.8326751022002283,6
2.3021835243246054,0.7971273032864745,6
2.2929799490409906,0.7613818380624663,6
2.284199669200415,0.7254475704501759,6
2.2758448620780927,0.6893334111895354,6
2.267917599443349,0.6530483156288045,6
2.260419847045883,0.6166012815038866,6
2.253353464128309,0.5800013467071297,6
2.246720202965116,0.5432575870461726,6
2.24052170842815,0.5063791139933815,6
2.2347595175787314,0.4693750724264507,6
2.2294350592864998,0.4322546383607202,6
2.2245496538750995,0.3950270166737617,6
2.2201045127947685,0.35770143882281924,6
2.216100738321934,0.3202871605556521,6
2.2125393232858768,0.28279345961535984,6
2.209421150822536,0.24522963343974324,6
2.2067469941555142,0.2076049968557917,6
2.20451751640434,0.1699288797698565,6
2.2027332704200306,0.1322106248540773,6
2.2013946986480017,0.09445958522965314,6
2.2005021330183503,0.056685122147514644,6
2.200055794863546,0.018896602666989004,6
2.200055794863546,-0.018896602666988338,6
2.2005021330183503,-0.05668512214751509,6
2.2013946986480017,-0.09445958522965259,6
2.2027332704200306,-0.13221062485407686,6
2.20451751640434,-0.16992887976985593,6
2.2067469941555142,-0.20760499685579203,6
2.2094211508225357,-0.2452296334397428,6
2.2125393232858768,-0.2827934596153592,6
2.216100738321934,-0.32028716055565165,6
2.2201045127947685,-0.3577014388228188,6
2.2245496538750995,-0.39502701667376106,6
2.2294350592864998,-0.43225463836071976,6
2.2347595175787314,-0.4693750724264514,6
2.24052170842815,-0.5063791139933809,6
2.2467202029651157,-0.543257587046172,6
2.253353464128309,-0.580001346707129,6
2.260419847045883,-0.6166012815038862,6
2.267917599443349,-0.653048315628804,6
2.275844862078092,-0.6893334111895351,6
2.284199669200415,-0.7254475704501764,6
2.2929799490409906,-0.7613818380624657,6
2.3021835243246054,-0.7971273032864739,6
2.3118081128100663,-0.8326751022002279,6
2.3218513278561366,-0.8680164198977276,6
2.3323106790133568,-0.9031424926748048,6
2.3431835726416113,-0.9380446102022943,6
2.354467312553283,-0.9727141176859582,6
2.366159100681832,-1.0071424180126427,6
2.3782560377756456,-1.0413209738821392,6
2.3907551241169744,-1.075241309924201,6
2.4036532602657816,-1.1088950148002135,6
2.41694724782832,-1.1422737432889765,6
2.430633790250251,-1.1753692183561015,6
2.444709493634102,-1.2081732332064954,6
2.45917086758086,-1.240677653319421,6
2.4740143260554994,-1.2728744184656486,6
2.489236188276223,-1.3047555447061732,6
2.5048326796271985,-1.33631312637202,6
2.5207999325945583,-1.3675393380246383,6
2.5371339877254453,-1.3984264363964032,6
2.5538307946098495,-1.4289667623107398,6
2.570886212884999,-1.4591527425813902,6
2.588296013262064,-1.4889768918903674,6
2.606055878574905,-1.5184318146441127,6
2.6241614048506143,-1.547510206807404,6
2.6426081024015864,-1.5762048577145622,6
2.6613913969388383,-1.6045086518575062,6
2.680506630706312,-1.632414570650206,6
2.6999490636358754,-1.6599156941691087,6
2.7197138745227285,-1.6870052028690878,6
2.739796162220939,-1.7136763792745189,6
2.760190946858792,-1.7399226096450269,6
2.780893171073666,-1.765737385615516,6
2.801897701266125,-1.791114305810079,6
2.8231993288729136,-1.8160470774293591,6
2.8447927716585433,-1.8405295178110022,6
2.866672675025141,-1.864555555962787,6
2.8888336133402523,-1.8881192340680748,6
2.911270091282252,-1.9112147089631857,6
2.933976545203035,-1.933836253586347,6
2.9569473445076575,-1.955978258397855,6
2.980176793050564,-1.9776352327710849,6
3.003659130548094,-1.9988018063540278,6
3.027388534006868,-2.0194727304009894,6
3.051359119167738,-2.03964287907414,6
3.0755649419649274,-2.0593072507145873,6
3.0999999999999996,-2.0784609690826517,6
3.124658234030294,-2.097099284567047,6
3.1495335294714533,-2.1152175753626503,6
3.1746197179136812,-2.1328113486165967,6
3.1999105786513438,-2.1498762415423807,6
3.225399840225535,-2.1664080225017104,6
3.2510811819792327,-2.182402592053843,6
3.276948235624654,-2.1978559839721368,6
3.302994586822423,-2.2127643662275696,6
3.3292137767721464,-2.2271240419389753,6
3.3555993038140364,-2.2409314502897804,6
3.38214462504114,-2.2541831674109836,6
3.4088431579218095,-2.26687590723019,6
3.435688281931993,-2.2790065222864633,6
3.462673340196949,-2.2905720045108175,6
3.4897916411419736,-2.3015694859721365,6
3.517036460151728,-2.31199623958834,6
3.5444010412377724,-2.3218496798026353,6
3.5718785987138655,-2.3311273632246587,6
3.5994623188786337,-2.3398269892363768,6
3.6271453617051885,-2.347946400562574,6
3.6549208625372698,-2.355483583805803,6
3.6827819337915,-2.36243666994565,6
3.710721666665318,-2.3688039348022065,6
3.738733132850177,-2.3745837994636134,6
3.7668093862495855,-2.3797748306775968,6
3.7949434647015496,-2.3843757412068705,6
3.8231283917050045,-2.388385390148338,6
3.851357178149801,-2.391802783216007,6
3.879622824049819,-2.3946270729875465,6
3.9079183202787764,-2.3968575591144217,6
3.9362366503083033,-2.3984936884955648,6
3.964570791947859,-2.3995350554145274,6
3.992913719086044,-2.3999814016400887,6
4.021258403432891,-2.399832616490292,6
4.049597816262691,-2.3990887368598837,6
4.077924930156929,-2.3977499472111723,6
4.106232720746902,-2.395816579528282,6
4.1345141684555635,-2.393289113234832,6
4.162762260238208,-2.3901681750750505,6
4.190969991321504,-2.38645453895836,6
4.2191303669405,-2.3821491257674663,6
4.247236404073134,-2.377253003130008,6
4.275281133171841,-2.371767385153809,6
4.3032575998918166,-2.365693632125815,6
4.331158866815495,-2.359033250174779,6
4.358978015172866,-2.3517878908977785,6
4.386708146557127,-2.3439593509506667,6
4.414342384635312,-2.3355495716025474,6
4.441873876853438,-2.3265606382543935,6
4.469295796135754,-2.316994779921923,6
4.496601342577676,-2.306854368682861,6
4.5237837451319765,-2.2961419190887313,6
4.550836263287832,-2.2848600875413108,6
4.577752188742283,-2.273011671633914,6
4.60452484706372,-2.2605996094576657,6
4.631147599346957,-2.2476269788729315,6
4.65761384385951,-2.23409699674609,6
4.683917017678649,-2.2200130181518376,6
4.710050598318819,-2.2053785355412185,6
4.73600810534906,-2.1901971778755898,6
4.761783101999964,-2.1744727097267353,6
4.787369196759834,-2.1582090303433525,6
4.8127600449596,-2.1414101726841457,6
4.837949350346133,-2.124080302417754,6
4.862930866643547,-2.106223716889782,6
4.887698399102102,-2.0878448440571713,6
4.912245806034352,-2.0689482413901827,6
4.936567000338103,-2.0495385947422675,6
4.960655951005863,-2.0296207171881018,6
4.984506684620368,-2.009199547830069,6
5.008113286835824,-1.9882801505734973,6
5.031469903844521,-1.9668677128709433,6
5.054570743828405,-1.9449675444358472,6
5.077410078395304,-1.92258507592586,6
5.099982243999418,-1.8997258575961862,6
5.12228164334572,-1.876395557923272,6
5.144302746777942,-1.8525999621991707,6
5.166040093649778,-1.8283449710969468,6
5.187488293678985,-1.8036365992074628,6
5.208642028284018,-1.7784809735479294,6
5.229496051902908,-1.7528843320425591,6
5.2500451932940155,-1.7268530219757317,6
5.270284356818362,-1.7003934984180367,6
5.290208523703212,-1.67351232262559,6
5.309812753286595,-1.6462161604130126,6
5.329092184242459,-1.6185117805004898,6
5.348042035786143,-1.5904060528353123,6
5.366657608859899,-1.561905946888304,6
5.384934287298118,-1.5330185299255867,6
5.402867538972021,-1.5037509652560814,6
5.420452916913508,-1.474110510455203,6
5.437686060417888,-1.4441045155651722,6
5.454562696125213,-1.4137404212724034,6
5.471078639079961,-1.3830257570624074,6
5.48722979376879,-1.3519681393526923,6
5.503012155136124,-1.3205752696040802,6
5.518421809577289,-1.2888549324109584,6
5.533454935908988,-1.2568149935709076,6
5.548107806316857,-1.2244633981341901,6
5.562376787279853,-1.1918081684335946,6
5.5762583404712815,-1.158857402095105,6
5.589749023636197,-1.1256192700299148,6
5.602845491445,-1.0921020144082476,6
5.615544496322981,-1.0583139466155265,6
5.627842889255639,-1.0242634451913695,6
5.639737620569548,-0.9899589537519351,6
5.6512257406886,-0.955408978896132,6
5.662304400865414,-0.9206220880962066,6
5.672970853887758,-0.8856069075732458,6
5.683222454759777,-0.8503721201580934,6
5.693056661357884,-0.8149264631382467,6
5.7024710350611425,-0.779278726091241,6
5.711463241355972,-0.7434377487050687,6
5.720031050415053,-0.7074124185861714,6
5.728172337650259,-0.6712116690555501,6
5.735885084239499,-0.6348444769335466,6
5.7431673776273335,-0.5983198603138207,6
5.750017411999235,-0.5616468763271101,6
5.756433488729384,-0.5248346188953026,6
5.7624140168018805,-0.4878922164763857,6
5.767957513205276,-0.45082882980083205,6
5.773062603300317,-0.41365364959998185,6
5.777728021160822,-0.37637589432699325,6
5.7819526098876,-0.33900480787090026,6
5.7857353218953245,-0.30154965726438365,6
5.789075219172309,-0.26401973038579096,6
5.79197147351311,-0.22642433365599057,6
5.794423366723901,-0.18877278973062772,6
5.796430290800562,-0.15107443518835306,6
5.7979917480794505,-0.11333861821560776,6
5.799107351360809,-0.07557469628850977,6
5.799776824004779,-0.03779203385245866,6
5.1,3.2,6
5.099551430213556,3.2284116947883295,6
5.0982061679983435,3.2567950681814066,6
5.095965554340995,3.285121827015361,6
5.092831822733932,3.313363734560946,6
5.088808096948972,3.341492638670526,6
5.083898387923482,3.3694804998407464,6
5.078107589762197,3.3972994191629224,6
5.0714414748586565,3.4249216661332778,6
5.063906688141172,3.452319706295313,6
5.055510740449005,3.479466228686752,6
5.046262001045408,3.506334173063702,6
5.036169689274957,3.5328967568748926,6
5.025243865373509,3.559127501959107,6
5.013495420439941,3.585000260939189,6
5.000936065579662,3.6104892432863145,6
4.987578320230734,3.635569041028555,6
4.9734354996842205,3.660214654078094,6
4.9585217018112155,3.68440151515186,6
4.942851793009779,3.708105514260726,6
4.926441393385787,3.7313030227428756,6
4.909306861182474,3.7539709168173614,6
4.8914652764741735,3.7760866006343967,6
4.872934424140539,3.797628028799388,6
4.853732776138176,3.818573728348266,6
4.833879473087405,3.8389028201522,6
4.813394305192471,3.8585950397303694,6
4.792297692514234,3.8776307574500395,6
4.770610664615015,3.8959909980938052,6
4.748354839595865,3.913657459774501,6
4.725552402547176,3.9306125321789187,6
4.7022260834340965,3.9468393141221534,6
4.678399134438811,3.9623216303950692,6
4.65409530678226,3.9770440478881013,6
4.6293388270484,3.9909918909753146,6
4.604154373034628,4.004151256143387,6
4.578567049152406,4.016509025850933,6
4.552602361402644,4.028052881604357,6
4.526286191950762,4.038771316237192,6
4.499644773326785,4.048653645380694,6
4.472704662276185,4.057690018114256,6
4.445492713287543,4.065871426785017,6
4.418036051823405,4.073189715986888,6
4.390362047281037,4.079637590690037,6
4.3624982857100125,4.085208623512733,6
4.334472542313835,4.089897261128303,6
4.3063127537630175,4.093698829800803,6
4.278046990347196,4.096609540043906,6
4.249703427994057,4.098626490398342,6
4.221310320182962,4.09974767032413,6
4.192895969781258,4.099971962204741,6
4.164488700831373,4.099299142461149,6
4.1361168303167855,4.097729881774705,6
4.107808639935048,4.095265744418591,6
4.079592347905969,4.091909186698513,6
4.051496080843081,4.087663554504203,6
4.02354784571642,4.082533079974164,6
3.995775501934569,4.076522877276984,6
3.968206733573793,4.06963893751342,6
3.94086902178195,4.061888122744337,6
3.9137896173846856,4.053278159150459,6
3.886995513721216,4.043817629330743,6
3.8605134197367814,4.033515963747057,6
3.83436973335859,4.022383431323693,6
3.8085905151817863,4.010431129211076,6
3.783201462491687,3.997670971723888,6
3.758227883648166,3.984115678464614,6
3.7336946728577303,3.969778761644371,6
3.7096262853584365,3.95467451261364,6
3.6860467130423746,3.9388179876163365,6
3.6629794605400297,3.9222249927814206,6
3.6404475217903545,3.9049120683670018,6
3.6184733571199112,3.886896472272652,6
3.5970788708539305,3.8681961628363553,6
3.5762853894816016,3.848829780933245,6
3.5561136403973657,3.828816631393976,6
3.536583731239399,3.808176663761248,6
3.517715129845879,3.786930452403668,6
3.4995266448490225,3.7650991760067725,6
3.4820364069262326,3.742704596461653,6
3.4652618507270407,3.71976903717223,6
3.4492196974938745,3.6963153608027968,6
3.433925938393955,3.672366946488022,6
3.419395818578957,3.6479476665281148,6
3.405643821988308,3.623081862592403,6
3.392683656911283,3.597794321455021,6
3.380528242322284,3.572110250286921,6
3.369189695002926,3.54605525152881,6
3.3586793174637615,3.519655297370086,6
3.3490075866776996,3.4929367038591908,6
3.340184143636325,3.4659261046712033,6
3.3322177837395492,3.438650424558811,6
3.3251164480281687,3.411136852513132,6
3.318887215268057,3.3834128146611375,6
3.3135362948939004,3.35550594692669,6
3.3090690208194986,3.327444067482457,6
3.305489846120801,3.299255149020148,6
3.302802338596986,3.270967290866729,6
3.3010091772140004,3.2426086909744027,6
3.300112149434108,3.2142076178122734,6
3.300112149434108,3.185792382187727,6
3.3010091772140004,3.157391309025598,6
3.3028023385969862,3.1290327091332713,6
3.305489846120801,3.100744850979853,6
3.3090690208194986,3.0725559325175436,6
3.3135362948939004,3.0444940530733104,6
3.318887215268057,3.0165871853388633,6
3.3251164480281687,2.9888631474868683,6
3.3322177837395492,2.961349575441189,6
3.3401841436363244,2.9340738953287975,6
3.3490075866776996,2.9070632961408096,6
3.3586793174637615,2.8803447026299143,6
3.3691896950029254,2.85394474847119,6
3.380528242322284,2.8278897497130795,6
3.3926836569112826,2.802205678544979,6
3.405643821988308,2.7769181374075975,6
3.4193958185789572,2.7520523334718856,6
3.433925938393955,2.727633053511979,6
3.449219697493874,2.7036846391972036,6
3.4652618507270407,2.6802309628277707,6
3.482036406926232,2.657295403538347,6
3.499526644849023,2.6349008239932274,6
3.517715129845879,2.613069547596332,6
3.5365837312393986,2.591823336238752,6
3.5561136403973657,2.5711833686060244,6
3.576285389481601,2.5511702190667553,6
3.5970788708539305,2.531803837163645,6
3.618473357119911,2.5131035277273486,6
3.6404475217903545,2.4950879316329986,6
3.6629794605400297,2.47777500721858,6
3.6860467130423746,2.461182012383664,6
3.7096262853584365,2.4453254873863606,6
3.7336946728577303,2.43022123835563,6
3.7582278836481655,2.415884321535387,6
3.783201462491687,2.4023290282761125,6
3.8085905151817863,2.3895688707889238,6
3.83436973335859,2.377616568676307,6
3.8605134197367814,2.3664840362529436,6
3.886995513721216,2.3561823706692575,6
3.913789617384686,2.3467218408495416,6
3.94086902178195,2.3381118772556633,6
3.968206733573793,2.3303610624865803,6
3.9957755019345687,2.323477122723016,6
4.023547845716419,2.3174669200258364,6
4.051496080843081,2.3123364454957978,6
4.079592347905969,2.3080908133014875,6
4.107808639935048,2.304734255581409,6
4.1361168303167855,2.3022701182252954,6
4.164488700831373,2.3007008575388523,6
4.192895969781258,2.3000280377952596,6
4.221310320182962,2.3002523296758697,6
4.249703427994057,2.301373509601659,6
4.278046990347195,2.303390459956094,6
4.3063127537630175,2.3063011701991973,6
4.334472542313835,2.3101027388716977,6
4.362498285710012,2.314791376487267,6
4.390362047281037,2.3203624093099635,6
4.418036051823405,2.3268102840131126,6
4.445492713287543,2.3341285732149837,6
4.472704662276185,2.3423099818857445,6
4.499644773326785,2.3513463546193067,6
4.526286191950763,2.3612286837628087,6
4.552602361402643,2.371947118395643,6
4.578567049152406,2.3834909741490673,6
4.6041543730346275,2.3958487438566136,6
4.6293388270484,2.4090081090246858,6
4.65409530678226,2.4229559521118995,6
4.678399134438811,2.437678369604931,6
4.7022260834340965,2.453160685877847,6
4.725552402547176,2.469387467821081,6
4.748354839595865,2.4863425402254995,6
4.770610664615015,2.504009001906195,6
4.792297692514234,2.522369242549961,6
4.813394305192471,2.541404960269631,6
4.833879473087405,2.5610971798478004,6
4.853732776138175,2.5814262716517344,6
4.872934424140538,2.6023719712006117,6
4.8914652764741735,2.6239133993656036,6
4.909306861182474,2.646029083182639,6
4.926441393385787,2.6686969772571243,6
4.942851793009779,2.691894485739274,6
4.9585217018112155,2.7155984848481403,6
4.9734354996842205,2.739785345921906,6
4.987578320230734,2.7644309589714453,6
5.000936065579662,2.7895107567136854,6
5.013495420439941,2.8149997390608115,6
5.025243865373509,2.840872498040893,6
5.036169689274957,2.867103243125108,6
5.046262001045408,2.893665826936299,6
5.055510740449004,2.9205337713132478,6
5.063906688141172,2.9476802937046873,6
5.0714414748586565,2.975078333866722,6
5.078107589762197,3.002700580837078,6
5.083898387923482,3.0305195001592544,6
5.088808096948972,3.0585073613294744,6
5.092831822733932,3.0866362654390542,6
5.095965554340995,3.1148781729846395,6
5.0982061679983435,3.1432049318185937,6
5.099551430213556,3.171588305211671,6
4.9,4.0,6
4.891836734693878,4.012244897959183,6
4.883673469387755,4.024489795918367,6
4.875510204081633,4.036734693877551,6
4.86734693877551,4.048979591836735,6
4.859183673469388,4.061224489795919,6
4.851020408163265,4.073469387755102,6
4.8428571428571425,4.085714285714285,6
4.83469387755102,4.097959183673469,6
4.826530612244898,4.110204081632653,6
4.818367346938776,4.122448979591837,6
4.810204081632653,4.134693877551021,6
4.802040816326531,4.146938775510204,6
4.793877551020408,4.159183673469387,6
4.785714285714286,4.171428571428571,6
4.777551020408163,4.183673469387755,6
4.7693877551020405,4.195918367346939,6
4.761224489795918,4.208163265306123,6
4.753061224489796,4.220408163265306,6
4.744897959183674,4.2326530612244895,6
4.736734693877551,4.244897959183673,6
4.728571428571429,4.257142857142857,6
4.720408163265306,4.269387755102041,6
4.7122448979591836,4.281632653061225,6
4.704081632653061,4.293877551020408,6
4.6959183673469385,4.3061224489795915,6
4.687755102040816,4.318367346938775,6
4.679591836734694,4.330612244897959,6
4.671428571428572,4.342857142857143,6
4.663265306122449,4.355102040816327,6
4.655102040816327,4.36734693877551,6
4.646938775510204,4.3795918367346935,6
4.6387755102040815,4.391836734693878,6
4.630612244897959,4.404081632653061,6
4.622448979591836,4.4163265306122454,6
4.614285714285714,4.428571428571429,6
4.606122448979592,4.440816326530612,6
4.59795918367347,4.453061224489796,6
4.589795918367347,4.46530612244898,6
4.581632653061225,4.477551020408163,6
4.573469387755102,4.4897959183673475,6
4.5653061224489795,4.502040816326531,6
4.557142857142857,4.514285714285714,6
4.548979591836734,4.526530612244898,6
4.540816326530612,4.538775510204082,6
4.53265306122449,4.551020408163265,6
4.524489795918368,4.5632653061224495,6
4.516326530612245,4.575510204081633,6
4.5081632653061225,4.587755102040816,6
4.5,4.6,6
4.4918367346938775,4.587755102040816,6
4.483673469387755,4.575510204081633,6
4.475510204081632,4.5632653061224495,6
4.46734693877551,4.551020408163265,6
4.459183673469388,4.538775510204082,6
4.451020408163266,4.526530612244898,6
4.442857142857143,4.514285714285714,6
4.4346938775510205,4.502040816326531,6
4.426530612244898,4.4897959183673475,6
4.418367346938775,4.477551020408163,6
4.410204081632653,4.46530612244898,6
4.40204081632653,4.453061224489796,6
4.393877551020408,4.440816326530612,6
4.385714285714286,4.428571428571429,6
4.377551020408164,4.4163265306122454,6
4.369387755102041,4.404081632653061,6
4.3612244897959185,4.391836734693878,6
4.353061224489796,4.3795918367346935,6
4.344897959183673,4.36734693877551,6
4.336734693877551,4.355102040816327,6
4.328571428571428,4.342857142857143,6
4.320408163265306,4.330612244897959,6
4.312244897959184,4.318367346938776,6
4.3040816326530615,4.3061224489795915,6
4.295918367346939,4.293877551020408,6
4.2877551020408164,4.281632653061225,6
4.279591836734694,4.269387755102041,6
4.271428571428571,4.257142857142857,6
4.263265306122449,4.244897959183674,6
4.255102040816326,4.2326530612244895,6
4.246938775510204,4.220408163265306,6
4.238775510204082,4.208163265306123,6
4.2306122448979595,4.195918367346939,6
4.222448979591837,4.183673469387755,6
4.214285714285714,4.171428571428572,6
4.206122448979592,4.159183673469387,6
4.197959183673469,4.146938775510204,6
4.189795918367347,4.134693877551021,6
4.181632653061224,4.122448979591837,6
4.173469387755102,4.110204081632653,6
4.16530612244898,4.09795918367347,6
4.1571428571428575,4.085714285714285,6
4.148979591836735,4.073469387755102,6
4.140816326530612,4.061224489795919,6
4.13265306122449,4.048979591836735,6
4.124489795918367,4.036734693877551,6
4.116326530612245,4.024489795918368,6
4.108163265306122,4.012244897959183,6
4.1,4.0,6
4.116326530612245,4.0,6
4.13265306122449,4.0,6
4.148979591836735,4.0,6
4.16530612244898,4.0,6
4.181632653061224,4.0,6
4.197959183673469,4.0,6
4.214285714285714,4.0,6
4.2306122448979595,4.0,6
4.246938775510204,4.0,6
4.263265306122449,4.0,6
4.279591836734694,4.0,6
4.295918367346939,4.0,6
4.312244897959184,4.0,6
4.328571428571428,4.0,6
4.344897959183673,4.0,6
4.3612244897959185,4.0,6
4.377551020408164,4.0,6
4.393877551020408,4.0,6
4.410204081632653,4.0,6
4.426530612244898,4.0,6
4.442857142857143,4.0,6
4.459183673469388,4.0,6
4.475510204081632,4.0,6
4.4918367346938775,4.0,6
4.5081632653061225,4.0,6
4.524489795918368,4.0,6
4.540816326530612,4.0,6
4.557142857142857,4.0,6
4.573469387755102,4.0,6
4.589795918367347,4.0,6
4.606122448979592,4.0,6
4.622448979591836,4.0,6
4.6387755102040815,4.0,6
4.655102040816327,4.0,6
4.671428571428572,4.0,6
4.687755102040816,4.0,6
4.704081632653061,4.0,6
4.720408163265306,4.0,6
4.736734693877551,4.0,6
4.753061224489796,4.0,6
4.7693877551020405,4.0,6
4.785714285714286,4.0,6
4.802040816326531,4.0,6
4.818367346938776,4.0,6
4.83469387755102,4.0,6
4.851020408163265,4.0,6
4.86734693877551,4.0,6
4.883673469387755,4.0,6
4.091836734693878,4.012244897959183,6
4.083673469387755,4.024489795918367,6
4.075510204081633,4.036734693877551,6
4.06734693877551,4.048979591836735,6
4.059183673469388,4.061224489795919,6
4.051020408163265,4.073469387755102,6
4.042857142857143,4.085714285714285,6
4.03469387755102,4.097959183673469,6
4.026530612244898,4.110204081632653,6
4.018367346938776,4.122448979591837,6
4.010204081632653,4.134693877551021,6
4.002040816326531,4.146938775510204,6
3.9938775510204083,4.159183673469387,6
3.9857142857142858,4.171428571428571,6
3.977551020408163,4.183673469387755,6
3.9693877551020407,4.195918367346939,6
3.9612244897959186,4.208163265306123,6
3.953061224489796,4.220408163265306,6
3.9448979591836735,4.2326530612244895,6
3.936734693877551,4.244897959183673,6
3.9285714285714284,4.257142857142857,6
3.9204081632653063,4.269387755102041,6
3.9122448979591837,4.281632653061225,6
3.904081632653061,4.293877551020408,6
3.8959183673469386,4.3061224489795915,6
3.8877551020408165,4.318367346938775,6
3.879591836734694,4.330612244897959,6
3.8714285714285714,4.342857142857143,6
3.863265306122449,4.355102040816327,6
3.855102040816327,4.36734693877551,6
3.8469387755102042,4.3795918367346935,6
3.8387755102040817,4.391836734693878,6
3.830612244897959,4.404081632653061,6
3.8224489795918366,4.4163265306122454,6
3.8142857142857145,4.428571428571429,6
3.806122448979592,4.440816326530612,6
3.7979591836734694,4.453061224489796,6
3.789795918367347,4.46530612244898,6
3.7816326530612243,4.477551020408163,6
3.773469387755102,4.4897959183673475,6
3.7653061224489797,4.502040816326531,6
3.757142857142857,4.514285714285714,6
3.7489795918367346,4.526530612244898,6
3.740816326530612,4.538775510204082,6
3.73265306122449,4.551020408163265,6
3.7244897959183674,4.5632653061224495,6
3.716326530612245,4.575510204081633,6
3.7081632653061223,4.587755102040816,6
3.7,4.6,6
3.6918367346938776,4.587755102040816,6
3.683673469387755,4.575510204081633,6
3.6755102040816325,4.5632653061224495,6
3.66734693877551,4.551020408163265,6
3.659183673469388,4.538775510204082,6
3.6510204081632653,4.526530612244898,6
3.642857142857143,4.514285714285714,6
3.6346938775510202,4.502040816326531,6
3.626530612244898,4.4897959183673475,6
3.6183673469387756,4.477551020408163,6
3.610204081632653,4.46530612244898,6
3.6020408163265305,4.453061224489796,6
3.593877551020408,4.440816326530612,6
3.585714285714286,4.428571428571429,6
3.5775510204081633,4.4163265306122454,6
3.5693877551020408,4.404081632653061,6
3.561224489795918,4.391836734693878,6
3.553061224489796,4.3795918367346935,6
3.5448979591836736,4.36734693877551,6
3.536734693877551,4.355102040816327,6
3.5285714285714285,4.342857142857143,6
3.520408163265306,4.330612244897959,6
3.512244897959184,4.318367346938776,6
3.5040816326530613,4.3061224489795915,6
3.4959183673469387,4.293877551020408,6
3.4877551020408166,4.281632653061225,6
3.479591836734694,4.269387755102041,6
3.4714285714285715,4.257142857142857,6
3.463265306122449,4.244897959183674,6
3.4551020408163264,4.2326530612244895,6
3.446938775510204,4.220408163265306,6
3.438775510204082,4.208163265306123,6
3.4306122448979592,4.195918367346939,6
3.4224489795918367,4.183673469387755,6
3.4142857142857146,4.171428571428572,6
3.406122448979592,4.159183673469387,6
3.3979591836734695,4.146938775510204,6
3.389795918367347,4.134693877551021,6
3.3816326530612244,4.122448979591837,6
3.373469387755102,4.110204081632653,6
3.3653061224489798,4.09795918367347,6
3.357142857142857,4.085714285714285,6
3.3489795918367347,4.073469387755102,6
3.3408163265306126,4.061224489795919,6
3.33265306122449,4.048979591836735,6
3.3244897959183675,4.036734693877551,6
3.316326530612245,4.024489795918368,6
3.3081632653061224,4.012244897959183,6
3.3,4.0,6
3.316326530612245,4.0,6
3.33265306122449,4.0,6
3.3489795918367347,4.0,6
3.3653061224489798,4.0,6
3.3816326530612244,4.0,6
3.3979591836734695,4.0,6
3.4142857142857146,4.0,6
3.4306122448979592,4.0,6
3.446938775510204,4.0,6
3.463265306122449,4.0,6
3.479591836734694,4.0,6
3.4959183673469387,4.0,6
3.512244897959184,4.0,6
3.5285714285714285,4.0,6
3.5448979591836736,4.0,6
3.561224489795918,4.0,6
3.5775510204081633,4.0,6
3.593877551020408,4.0,6
3.610204081632653,4.0,6
3.626530612244898,4.0,6
3.642857142857143,4.0,6
3.659183673469388,4.0,6
3.6755102040816325,4.0,6
3.6918367346938776,4.0,6
3.7081632653061223,4.0,6
3.7244897959183674,4.0,6
3.740816326530612,4.0,6
3.757142857142857,4.0,6
3.773469387755102,4.0,6
3.789795918367347,4.0,6
3.8061224489795915,4.0,6
3.8224489795918366,4.0,6
3.8387755102040817,4.0,6
3.855102040816327,4.0,6
3.8714285714285714,4.0,6
3.887755102040816,4.0,6
3.904081632653061,4.0,6
3.9204081632653063,4.0,6
3.936734693877551,4.0,6
3.9530612244897956,4.0,6
3.9693877551020407,4.0,6
3.9857142857142858,4.0,6
4.002040816326531,4.0,6
4.018367346938775,4.0,6
4.03469387755102,4.0,6
4.051020408163265,4.0,6
4.06734693877551,4.0,6
4.083673469387755,4.0,6
2.6,0.0,6
2.6061160570237485,0.007227257529091369,6
2.611613142074217,0.014444568310593486,6
2.616492213626664,0.021641995863479147,6
2.620754868040604,0.028809624229247266,6
2.624403337912118,0.03593756820670613,6
2.627440489769475,0.043015983555009796,6
2.629869821114437,0.050035077154416796,6
2.631695456812303,0.05698511711428411,6
2.6329221448344193,0.06385644281786473,6
2.633555251357548,0.07063947489353761,6
2.6336007552251535,0.07732472510218102,6
2.6330652417763227,0.08390280613048484,6
2.6319558960486926,0.09036444128008914,6
2.6302804953623915,0.09670047404255333,6
2.62804740129266,0.10290187755027103,6
2.625265551039427,0.10895976389357398,6
2.621944448202759,0.11486539329441181,6
2.61809415297369,0.12061018312713756,6
2.613725271750572,0.12618571677708634,6
2.6088489461916518,0.13158375232780628,6
2.6034768417151786,0.13679623106797534,6
2.5976211354589145,0.1418152858092201,6
2.5912945037114667,0.14663324900625507,6
2.5845101088284244,0.15124266067096082,6
2.577281585646799,0.15563627607222863,6
2.569623027411792,0.15980707321362986,6
2.5615489712304127,0.16374826008118792,6
2.553074383066967,0.16745328165377282,6
2.5442146422958984,0.17091582666888372,6
2.5349855258279232,0.17412983413683514,6
2.525403191825855,0.17708949959662335,6
2.515484163026911,0.17978928110701586,6
2.505245309688728,0.18222390496668084,6
2.49470383217668,0.18438837115745177,6
2.483877243210475,0.1862779585051091,6
2.4727833497883593,0.18788822955235251,6
2.461440234807574,0.18921503513893512,6
2.4498662384000456,0.1902545186842286,6
2.438079939002572,0.19100312016780407,6
2.4261001341810386,0.1914575798039163,6
2.413945821228463,0.1916149414060997,6
2.401636177556889,0.19147255543840447,6
2.3891905409033685,0.1910280817501223,6
2.3766283893704667,0.19027949199117788,6
2.363969321321888,0.18922507170569713,6
2.3512330351539728,0.18786342210158657,6
2.338439308963946,0.18619346149430038,6
2.3256079801359015,0.18421442642330388,6
2.312758924865596,0.18192587244008152,6
2.2999120376451785,0.1793276745668757,6
2.287087210729041,0.1764200274256823,6
2.2743043136019745,0.17320344503737173,6
2.261583172470827,0.16967876029114048,6
2.248943549800834,0.1658471240848427,6
2.2364051239177374,0.1617100041370877,6
2.223987468696749,0.15726918347233054,6
2.2117100333593265,0.152526758580518,6
2.199592122398605,0.14748513725319257,6
2.1876528756542157,0.14214703609828205,6
2.17591124855705,0.13651547773614703,6
2.1643859925643634,0.1305937876797748,6
2.1530956358054043,0.12438559090234225,6
2.1420584639575644,0.11789480809569075,6
2.1312925013727617,0.11112565162357357,6
2.1208154924735636,0.10408262117385314,6
2.1106448834382303,0.09677049911413693,6
2.1007978041936,0.08919434555564432,6
2.0912910507343883,0.08135949313039892,6
2.0821410677871555,0.07327154148713877,6
2.0733639318368446,0.06493635151162425,6
2.06497533453339,0.05636003927730948,6
2.056990566495543,0.04754896973262068,6
2.0494245015286165,0.03850975013135838,6
2.0422915812724525,0.02924922321300283,6
2.035605800295441,0.019774460139962757,6
2.0293806916499904,0.010092753199055782,6
2.0236293129043554,0.00021160827475663613,6
2.0183642326652285,-0.00986126289802236,6
2.0135975176050236,-0.020117950693617992,6
2.009340720007227,-0.030550355759557446,6
2.0056048658426775,-0.04115019737632575,6
2.0024004433890807,-0.051909022004333005,6
1.9997373924055086,-0.06281821200925641,6
1.9976250938730482,-0.073868994556755,6
1.9960723603121981,-0.0850524506673731,6
1.995087426687003,-0.09635952442228901,6
1.9946779419053144,-0.10778103231040448,6
1.994850960923948,-0.11930767270713027,6
1.9956129374668938,-0.13093003547508308,6
1.9969697173640872,-0.14263861167678193,6
1.9989265325176184,-0.15442380338932482,6
2.001487995501616,-0.1662759336109083,6
2.00465809480136,-0.1781852562489714,6
2.0084401906965614,-0.19014196617965085,6
2.012837011793037,-0.20213620936816423,6
2.0178506522063753,-0.2141580930396787,6
2.023482569400487,-0.22619769589016459,6
2.0297335826832805,-0.23824507832669517,6
2.036603872361011,-0.25029029272662284,6
2.044092979552177,-0.2623233937050453,6
2.0521998066611564,-0.27433444837996035,6
2.0609226185110927,-0.28631354662451525,6
2.0702590441348616,-0.29825081129577025,6
2.0802060792222714,-0.3101364084294198,6
2.0907600892209697,-0.3219605573899411,6
2.1019168130878563,-0.33371354096570527,6
2.11367136768713,-0.34538571539862284,6
2.1260182528304297,-0.3569675203379721,6
2.138951356953868,-0.36844948870814154,6
2.1524639634260985,-0.3798222564800975,6
2.166548757480905,-0.3910765723364893,6
2.181197833767155,-0.4022033072204225,6
2.1964027045083303,-0.41319346375803834,6
2.2121543082632065,-0.424038185545176,6
2.2284430192786444,-0.4347287662885351,6
2.245258657424836,-0.44525665879189735,6
2.262590498702752,-0.45561348377813915,6
2.2804272863129444,-0.46579103853792314,6
2.2987572422742852,-0.47578130539614727,6
2.317568079580637,-0.4855764599874086,6
2.3368470148829195,-0.4951688793319422,6
2.356580781683477,-0.504551149703701,6
2.3767556440291306,-0.5137160742824516,6
2.3973574106887745,-0.5226566805819903,6
2.4183714498008957,-0.5313662276468161,6
2.439782703975888,-0.5398382130098223,6
2.4615757058375727,-0.5480663794038363,6
2.483734593987897,-0.556044721220075,6
2.5062431293783143,-0.5637674907068488,6
2.5290847120709596,-0.5712292039021181,6
2.5522423983723224,-0.5784246462937814,6
2.575698918321722,-0.5853488782018448,6
2.599436693516543,-0.5919972398769271,6
2.6234378552558315,-0.598365356309833,6
2.64768426298352,-0.6044491417472289,6
2.672157523012249,-0.6102448039087642,6
2.696839007508462,-0.6157488479012854,6
2.7217098737191714,-0.6209580798260959,6
2.7467510834205573,-0.625869610075549,6
2.7719434225683166,-0.6304808563155648,6
2.7972675211294913,-0.6347895461509907,6
2.8227038730753025,-0.6387937194710618,6
2.8482328565143407,-0.6424917304725344,6
2.8738347539453626,-0.6458822493584047,6
2.899489772608752,-0.6489642637104633,6
2.9251780649156767,-0.6517370795342663,6
2.9508797489338234,-0.6542003219754409,6
2.976574928908592,-0.6563539357065944,6
3.002243715798544,-0.6581981849844205,6
3.027866247803937,-0.6597336533769447,6
3.0534227108671246,-0.660961243161194,6
3.078893359123695,-0.6618821743919094,6
3.104258535283216,-0.6624979836422624,6
3.1294986909185534,-0.662810522417878,6
3.1545944066428375,-0.6628219552457975,6
3.1795264121532316,-0.6625347574403566,6
3.204275606120827,-0.6619517125482828,6
3.2288230759061256,-0.6610759094756513,6
3.253150117079778,-0.659910739299661,6
3.2772382527284014,-0.6584598917685274,6
3.3010692525255787,-0.6567273514930967,6
3.324625151548338,-0.6547173938341213,6
3.347888268819692,-0.6524345804894338,6
3.3708412255581095,-0.6498837547855791,6
3.3934669631150642,-0.647070036678763,6
3.415748760582169,-0.643998817470274,6
3.4376702520497022,-0.6406757542418391,6
3.459215443498727,-0.6371067640166515,6
3.4803687293093564,-0.6332980176520997,6
3.5011149083681383,-0.629255933470501,6
3.521439199757923,-0.6249871706344126,6
3.541327258014025,-0.6204986222733602,6
3.5607651879309343,-0.6157974083690763,6
3.579739558904285,-0.6108908684065919,6
3.5982374187932957,-0.6057865537987672,6
3.6162463072893476,-0.6004922200920835,6
3.633754268776932,-0.5950158189617318,6
3.650749864673663,-0.589365490004274,6
3.6672221852366493,-0.5835495523363341,6
3.683160860823004,-0.5775764960080021,6
3.698556072592907,-0.5714549732398051,6
3.7133985626441417,-0.5651937894922967,6
3.7276796435676642,-0.5588018943774764,6
3.7413912074143356,-0.552288372421424,6
3.7545257340635625,-0.5456624336876843,6
3.7670762989852107,-0.5389334042710727,6
3.7790365803867747,-0.5321107166717243,6
3.7904008657384347,-0.5252039000593134,6
3.801164057669257,-0.5182225704374956,6
3.8113216792284623,-0.511176420718725,6
3.8208698785063175,-0.5040752107196891,6
3.829805432609899,-0.49692875708768813,6
3.8381257509896067,-0.489746923168356,6
3.845828878113008,-0.48253960882518454,6
3.8529134954832465,-0.47531674022135073,6
3.85937892299993,-0.46808825957440314,6
3.8652251196610994,-0.4608641148943753,6
3.8704526836055484,-0.45365424971592083,6
3.875062851495455,-0.44646859283506846,6
3.8790574972399523,-0.4393170480611892,6
3.882439130060974,-0.432209483994753,6
3.8852108919033514,-0.42515572384142764,6
3.887376554191847,-0.4181655352730298,6
3.888940513938468,-0.4112486203457988,6
3.889907789204081,-0.40441460548639285,6
3.8902840139190067,-0.3976730315559469,6
3.8900754320679405,-0.3910333440024494,6
3.8892888912452124,-0.38450488311159603,6
3.8879318355870205,-0.3780968743661921,6
3.886012298087949,-0.37181841892404366,6
3.883538892309691,-0.36567848422417537,6
3.880520803490537,-0.35968589473106416,6
3.8769677790648074,-0.35384932282644455,6
3.8728901186020144,-0.3481772798580878,6
3.8682986631761325,-0.342678107354792,6
3.863204784175956,-0.3373599684166506,6
3.85762037156809,-0.33223083928948727,6
3.8515578216246915,-0.3272985011321543,6
3.8450300241286217,-0.32257053198518637,6
3.8380503490692264,-0.3180542989491091,6
3.8306326328424634,-0.3137569505804638,6
3.822791163969632,-0.30968540951340984,6
3.8145406683494363,-0.30584636531450515,6
3.805896294058613,-0.30224626757805706,6
3.7968735957168014,-0.2988913192691529,6
3.787488518431803,-0.2957874703212555,6
3.7777573813417984,-0.2929404114949632,6
3.7676968607715016,-0.2903555685042756,6
3.7573239730196533,-0.2880380964164304,6
3.746656056795599,-0.2859928743310849,6
3.7357107553230966,-0.28422450034434243,6
3.7245059981298154,-0.2827372868028142,6
3.71305998254133,-0.2815352558526203,6
3.701391154898699,-0.2806221352879197,6
3.6895181915190283,-0.2800013547032598,6
3.677459979418661,-0.2796760419537092,6
3.6652355968188925,-0.2796490199264361,6
3.6528642934543374,-0.2799228036270547,6
3.6403654707042605,-0.28049959758375964,6
3.6277586615673973,-0.2813812935719129,6
3.615063510500915,-0.2825694686614453,6
3.6022997531443357,-0.28406538358907785,6
3.589487195949343,-0.2858699814570502,6
3.5766456957365036,-0.28798388675969555,6
3.563795139199994,-0.29040740473886517,6
3.5509554223815,-0.29314052106887445,6
3.538146430134465,-0.2961829018712878,6
3.5253880155998836,-0.2995338940595329,6
3.512699979714832,-0.3031925260129853,6
7.8,-2.5,7
7.799776824004779,-2.462207966147542,7
7.799107351360809,-2.42442530371149,7
7.7979917480794505,-2.386661381784392,7
7.796430290800562,-2.3489255648116463,7
7.794423366723901,-2.311227210269373,7
7.79197147351311,-2.2735756663440103,7
7.789075219172309,-2.2359802696142097,7
7.7857353218953245,-2.1984503427356166,7
7.7819526098876,-2.1609951921291,7
7.777728021160822,-2.1236241056730067,7
7.773062603300317,-2.0863463504000177,7
7.767957513205276,-2.0491711701991693,7
7.762414016801881,-2.012107783523615,7
7.756433488729384,-1.975165381104698,7
7.750017411999235,-1.9383531236728901,7
7.7431673776273335,-1.9016801396861793,7
7.735885084239499,-1.865155523066453,7
7.728172337650259,-1.8287883309444495,7
7.720031050415054,-1.7925875814138297,7
7.711463241355973,-1.7565622512949322,7
7.7024710350611425,-1.7207212739087596,7
7.693056661357884,-1.6850735368617538,7
7.683222454759777,-1.6496278798419066,7
7.672970853887758,-1.614393092426754,7
7.662304400865414,-1.579377911903793,7
7.6512257406886,-1.5445910211038691,7
7.639737620569549,-1.510041046248066,7
7.627842889255639,-1.4757365548086312,7
7.615544496322982,-1.4416860533844738,7
7.602845491445,-1.4078979855917522,7
7.589749023636197,-1.374380729970085,7
7.576258340471281,-1.3411425979048945,7
7.562376787279853,-1.3081918315664065,7
7.548107806316857,-1.2755366018658107,7
7.533454935908988,-1.2431850064290935,7
7.518421809577289,-1.2111450675890418,7
7.503012155136124,-1.17942473039592,7
7.48722979376879,-1.1480318606473074,7
7.471078639079961,-1.1169742429375922,7
7.454562696125214,-1.086259578727598,7
7.437686060417889,-1.0558954844348285,7
7.420452916913509,-1.0258894895447976,7
7.402867538972021,-0.9962490347439188,7
7.384934287298118,-0.9669814700744133,7
7.366657608859899,-0.9380940531116952,7
7.348042035786143,-0.9095939471646872,7
7.329092184242458,-0.88148821949951,7
7.309812753286596,-0.8537838395869883,7
7.290208523703212,-0.8264876773744112,7
7.270284356818363,-0.7996065015819638,7
7.2500451932940155,-0.7731469780242686,7
7.229496051902908,-0.7471156679574409,7
7.208642028284018,-0.7215190264520701,7
7.187488293678985,-0.6963634007925366,7
7.166040093649779,-0.6716550289030541,7
7.144302746777942,-0.6474000378008298,7
7.122281643345721,-0.6236044420767284,7
7.099982243999418,-0.6002741424038138,7
7.077410078395304,-0.5774149240741402,7
7.054570743828404,-0.5550324555641526,7
7.031469903844521,-0.5331322871290567,7
7.008113286835826,-0.5117198494265034,7
6.984506684620368,-0.4908004521699314,7
6.960655951005864,-0.47037928281189867,7
6.936567000338103,-0.4504614052577325,7
6.912245806034352,-0.43105175860981726,7
6.887698399102102,-0.41215515594282826,7
6.862930866643546,-0.39377628311021784,7
6.8379493503461335,-0.37591969758224586,7
6.812760044959601,-0.35858982731585476,7
6.787369196759835,-0.34179096965664746,7
6.761783101999965,-0.32552729027326555,7
6.73600810534906,-0.30980282212441024,7
6.710050598318819,-0.294621464458781,7
6.683917017678648,-0.27998698184816195,7
6.657613843859511,-0.2659030032539098,7
6.631147599346958,-0.2523730211270685,7
6.60452484706372,-0.2394003905423343,7
6.577752188742284,-0.22698832836608585,7
6.550836263287832,-0.21513991245868924,7
6.523783745131976,-0.20385808091126822,7
6.496601342577676,-0.1931456313171389,7
6.4692957961357545,-0.18300522007807762,7
6.441873876853439,-0.17343936174560648,7
6.4143423846353125,-0.1644504283974526,7
6.386708146557127,-0.15604064904933335,7
6.358978015172866,-0.1482121091022215,7
6.331158866815495,-0.14096674982522117,7
6.303257599891816,-0.13430636787418493,7
6.275281133171843,-0.12823261484619142,7
6.247236404073135,-0.12274699686999213,7
6.2191303669405,-0.11785087423253371,7
6.190969991321505,-0.1135454610416402,7
6.162762260238208,-0.10983182492494947,7
6.1345141684555635,-0.10671088676516804,7
6.106232720746901,-0.1041834204717178,7
6.07792493015693,-0.1022500527888277,7
6.0495978162626916,-0.10091126314011634,7
6.021258403432892,-0.10016738350970833,7
5.992913719086045,-0.10001859835991134,7
5.9645707919478586,-0.10046494458547262,7
5.936236650308303,-0.10150631150443523,7
5.907918320278776,-0.10314244088557833,7
5.87962282404982,-0.10537292701245349,7
5.851357178149802,-0.10819721678399263,7
5.823128391705005,-0.11161460985166194,7
5.79494346470155,-0.11562425879312954,7
5.7668093862495855,-0.12022516932240324,7
5.738733132850177,-0.12541620053638658,7
5.710721666665318,-0.13119606519779348,7
5.682781933791501,-0.13756333005434973,7
5.654920862537271,-0.14451641619419675,7
5.627145361705189,-0.1520535994374259,7
5.5994623188786345,-0.16017301076362278,7
5.571878598713866,-0.16887263677534126,7
5.544401041237773,-0.17815032019736465,7
5.517036460151727,-0.18800376041166,7
5.489791641141973,-0.1984305140278635,7
5.462673340196949,-0.209427995489182,7
5.435688281931993,-0.22099347771353628,7
5.40884315792181,-0.23312409276980972,7
5.38214462504114,-0.245816832589016,7
5.355599303814037,-0.25906854971021964,7
5.329213776772146,-0.2728759580610247,7
5.302994586822423,-0.28723563377243044,7
5.276948235624655,-0.30214401602786234,7
5.251081181979233,-0.3175974079461561,7
5.225399840225535,-0.33359197749828917,7
5.199910578651345,-0.35012375845761845,7
5.174619717913681,-0.3671886513834033,7
5.149533529471452,-0.3847824246373497,7
5.124658234030294,-0.40290071543295314,7
5.1000000000000005,-0.421539030917347,7
5.075564941964927,-0.44069274928541224,7
5.0513591191677385,-0.46035712092585923,7
5.027388534006868,-0.4805272695990106,7
5.003659130548094,-0.5011981936459724,7
4.980176793050564,-0.5223647672289153,7
4.9569473445076575,-0.5440217416021453,7
4.933976545203037,-0.566163746413652,7
4.911270091282253,-0.5887852910368139,7
4.888833613340253,-0.6118807659319248,7
4.866672675025141,-0.6354444440372127,7
4.844792771658543,-0.6594704821889978,7
4.8231993288729145,-0.6839529225706409,7
4.8018977012661255,-0.7088856941899211,7
4.780893171073666,-0.7342626143844837,7
4.760190946858792,-0.7600773903549738,7
4.739796162220939,-0.7863236207254807,7
4.719713874522729,-0.8129947971309117,7
4.699949063635875,-0.8400843058308913,7
4.680506630706312,-0.8675854293497935,7
4.661391396938838,-0.8954913481424935,7
4.642608102401587,-0.9237951422854374,7
4.624161404850614,-0.9524897931925962,7
4.606055878574905,-0.9815681853558869,7
4.588296013262065,-1.0110231081096321,7
4.570886212884999,-1.0408472574186096,7
4.5538307946098495,-1.0710332376892606,7
4.537133987725446,-1.1015735636035962,7
4.520799932594559,-1.1324606619753612,7
4.5048326796271985,-1.1636868736279802,7
4.489236188276224,-1.1952444552938266,7
4.474014326055499,-1.2271255815343507,7
4.45917086758086,-1.2593223466805783,7
4.444709493634102,-1.291826766793505,7
4.430633790250251,-1.324630781643898,7
4.41694724782832,-1.3577262567110233,7
4.403653260265782,-1.3911049851997868,7
4.390755124116975,-1.4247586900757985,7
4.378256037775646,-1.4586790261178604,7
4.366159100681832,-1.4928575819873566,7
4.3544673125532825,-1.5272858823140423,7
4.343183572641612,-1.561955389797705,7
4.332310679013357,-1.5968575073251945,7
4.321851327856137,-1.6319835801022728,7
4.311808112810066,-1.6673248977997717,7
4.302183524324605,-1.7028726967135255,7
4.292979949040991,-1.7386181619375338,7
4.284199669200415,-1.774552429549824,7
4.275844862078093,-1.8106665888104647,7
4.267917599443349,-1.8469516843711955,7
4.260419847045883,-1.8833987184961134,7
4.253353464128309,-1.9199986532928703,7
4.2467202029651165,-1.9567424129538273,7
4.24052170842815,-1.9936208860066185,7
4.234759517578731,-2.030624927573549,7
4.2294350592865,-2.06774536163928,7
4.2245496538750995,-2.1049729833262383,7
4.2201045127947685,-2.1422985611771805,7
4.216100738321934,-2.179712839444348,7
4.212539323285877,-2.21720654038464,7
4.209421150822536,-2.2547703665602565,7
4.206746994155514,-2.2923950031442084,7
4.20451751640434,-2.3300711202301434,7
4.202733270420031,-2.3677893751459225,7
4.201394698648002,-2.4055404147703467,7
4.20050213301835,-2.4433148778524854,7
4.200055794863546,-2.481103397333011,7
4.200055794863546,-2.518896602666988,7
4.20050213301835,-2.556685122147515,7
4.201394698648002,-2.594459585229653,7
4.202733270420031,-2.6322106248540766,7
4.20451751640434,-2.6699288797698557,7
4.206746994155514,-2.707604996855792,7
4.209421150822536,-2.7452296334397426,7
4.212539323285877,-2.782793459615359,7
4.216100738321934,-2.820287160555652,7
4.2201045127947685,-2.8577014388228186,7
4.2245496538750995,-2.895027016673761,7
4.2294350592865,-2.9322546383607198,7
4.234759517578731,-2.9693750724264514,7
4.24052170842815,-3.006379113993381,7
4.246720202965116,-3.043257587046172,7
4.253353464128309,-3.080001346707129,7
4.260419847045883,-3.116601281503886,7
4.267917599443349,-3.153048315628804,7
4.275844862078092,-3.1893334111895353,7
4.284199669200415,-3.2254475704501764,7
4.292979949040991,-3.2613818380624657,7
4.302183524324605,-3.297127303286474,7
4.311808112810066,-3.332675102200228,7
4.321851327856137,-3.3680164198977276,7
4.332310679013357,-3.403142492674805,7
4.343183572641611,-3.4380446102022946,7
4.3544673125532825,-3.472714117685958,7
4.366159100681832,-3.5071424180126427,7
4.378256037775646,-3.541320973882139,7
4.390755124116975,-3.575241309924201,7
4.403653260265782,-3.6088950148002135,7
4.41694724782832,-3.6422737432889765,7
4.430633790250251,-3.6753692183561015,7
4.444709493634102,-3.7081732332064954,7
4.45917086758086,-3.740677653319421,7
4.474014326055499,-3.7728744184656486,7
4.489236188276223,-3.804755544706173,7
4.5048326796271985,-3.83631312637202,7
4.520799932594558,-3.8675393380246383,7
4.537133987725445,-3.898426436396403,7
4.5538307946098495,-3.92896676231074,7
4.570886212884999,-3.95915274258139,7
4.588296013262064,-3.9889768918903674,7
4.606055878574905,-4.018431814644113,7
4.624161404850614,-4.047510206807404,7
4.642608102401587,-4.076204857714562,7
4.661391396938838,-4.104508651857506,7
4.6805066307063115,-4.132414570650206,7
4.699949063635875,-4.159915694169109,7
4.7197138745227285,-4.187005202869088,7
4.739796162220939,-4.213676379274519,7
4.760190946858792,-4.239922609645027,7
4.780893171073666,-4.265737385615516,7
4.801897701266125,-4.291114305810079,7
4.823199328872914,-4.316047077429359,7
4.844792771658543,-4.340529517811002,7
4.866672675025141,-4.364555555962787,7
4.888833613340252,-4.388119234068075,7
4.911270091282252,-4.411214708963186,7
4.933976545203035,-4.433836253586347,7
4.9569473445076575,-4.455978258397855,7
4.980176793050564,-4.477635232771085,7
5.003659130548094,-4.498801806354027,7
5.027388534006867,-4.51947273040099,7
5.051359119167738,-4.53964287907414,7
5.075564941964927,-4.559307250714587,7
5.1,-4.578460969082652,7
5.124658234030294,-4.597099284567047,7
5.149533529471453,-4.61521757536265,7
5.174619717913681,-4.632811348616597,7
5.199910578651344,-4.649876241542381,7
5.225399840225535,-4.66640802250171,7
5.251081181979233,-4.682402592053843,7
5.276948235624654,-4.697855983972136,7
5.3029945868224235,-4.712764366227569,7
5.329213776772146,-4.727124041938975,7
5.355599303814037,-4.74093145028978,7
5.38214462504114,-4.754183167410984,7
5.40884315792181,-4.76687590723019,7
5.435688281931993,-4.779006522286464,7
5.462673340196949,-4.7905720045108175,7
5.489791641141974,-4.801569485972136,7
5.517036460151727,-4.81199623958834,7
5.544401041237773,-4.821849679802636,7
5.571878598713866,-4.831127363224659,7
5.599462318878634,-4.839826989236377,7
5.627145361705188,-4.847946400562574,7
5.65492086253727,-4.855483583805803,7
5.6827819337914995,-4.86243666994565,7
5.710721666665318,-4.868803934802207,7
5.738733132850177,-4.874583799463613,7
5.7668093862495855,-4.879774830677597,7
5.794943464701549,-4.8843757412068705,7
5.823128391705004,-4.888385390148338,7
5.851357178149801,-4.891802783216007,7
5.879622824049819,-4.8946270729875465,7
5.907918320278776,-4.896857559114421,7
5.936236650308303,-4.898493688495565,7
5.9645707919478586,-4.899535055414527,7
5.992913719086045,-4.899981401640089,7
6.021258403432891,-4.899832616490292,7
6.049597816262691,-4.899088736859884,7
6.077924930156929,-4.897749947211173,7
6.106232720746902,-4.895816579528282,7
6.1345141684555635,-4.893289113234832,7
6.162762260238208,-4.8901681750750505,7
6.190969991321504,-4.886454538958359,7
6.2191303669405,-4.882149125767466,7
6.247236404073134,-4.877253003130008,7
6.275281133171841,-4.8717673851538095,7
6.3032575998918166,-4.865693632125815,7
6.331158866815495,-4.859033250174779,7
6.358978015172866,-4.8517878908977785,7
6.386708146557127,-4.843959350950667,7
6.414342384635312,-4.835549571602547,7
6.441873876853438,-4.826560638254394,7
6.469295796135754,-4.816994779921923,7
6.496601342577676,-4.8068543686828615,7
6.5237837451319765,-4.796141919088731,7
6.550836263287832,-4.784860087541311,7
6.577752188742283,-4.773011671633914,7
6.60452484706372,-4.760599609457666,7
6.631147599346957,-4.7476269788729315,7
6.65761384385951,-4.73409699674609,7
6.683917017678649,-4.720013018151837,7
6.710050598318819,-4.705378535541218,7
6.73600810534906,-4.690197177875589,7
6.761783101999964,-4.674472709726736,7
6.787369196759834,-4.658209030343352,7
6.8127600449596,-4.641410172684146,7
6.837949350346133,-4.624080302417754,7
6.862930866643547,-4.606223716889782,7
6.887698399102102,-4.587844844057171,7
6.912245806034352,-4.568948241390183,7
6.936567000338103,-4.549538594742268,7
6.960655951005863,-4.529620717188102,7
6.984506684620368,-4.509199547830069,7
7.008113286835824,-4.488280150573497,7
7.031469903844521,-4.466867712870943,7
7.054570743828405,-4.444967544435848,7
7.077410078395304,-4.42258507592586,7
7.099982243999418,-4.399725857596186,7
7.12228164334572,-4.3763955579232725,7
7.144302746777942,-4.352599962199171,7
7.166040093649778,-4.328344971096946,7
7.187488293678985,-4.303636599207463,7
7.208642028284018,-4.2784809735479294,7
7.229496051902908,-4.252884332042559,7
7.2500451932940155,-4.226853021975732,7
7.270284356818362,-4.200393498418037,7
7.290208523703212,-4.17351232262559,7
7.309812753286595,-4.1462161604130126,7
7.329092184242459,-4.11851178050049,7
7.348042035786143,-4.090406052835313,7
7.366657608859899,-4.061905946888304,7
7.384934287298118,-4.033018529925586,7
7.402867538972021,-4.003750965256081,7
7.420452916913508,-3.974110510455203,7
7.437686060417888,-3.944104515565172,7
7.454562696125213,-3.9137404212724034,7
7.471078639079961,-3.8830257570624074,7
7.48722979376879,-3.8519681393526923,7
7.503012155136124,-3.8205752696040802,7
7.518421809577289,-3.7888549324109584,7
7.533454935908988,-3.7568149935709076,7
7.548107806316857,-3.72446339813419,7
7.562376787279853,-3.6918081684335946,7
7.5762583404712815,-3.658857402095105,7
7.589749023636197,-3.625619270029915,7
7.602845491445,-3.5921020144082476,7
7.615544496322981,-3.5583139466155265,7
7.627842889255639,-3.5242634451913695,7
7.639737620569548,-3.489958953751935,7
7.6512257406886,-3.455408978896132,7
7.662304400865414,-3.4206220880962066,7
7.672970853887758,-3.385606907573246,7
7.683222454759777,-3.3503721201580934,7
7.693056661357884,-3.3149264631382467,7
7.7024710350611425,-3.279278726091241,7
7.711463241355972,-3.2434377487050687,7
7.720031050415053,-3.2074124185861717,7
7.728172337650259,-3.17121166905555,7
7.735885084239499,-3.1348444769335466,7
7.7431673776273335,-3.0983198603138207,7
7.750017411999235,-3.06164687632711,7
7.756433488729384,-3.0248346188953024,7
7.7624140168018805,-2.9878922164763857,7
7.767957513205276,-2.950828829800832,7
7.773062603300317,-2.913653649599982,7
7.777728021160822,-2.8763758943269933,7
7.7819526098876,-2.8390048078709,7
7.7857353218953245,-2.801549657264384,7
7.789075219172309,-2.764019730385791,7
7.79197147351311,-2.7264243336559906,7
7.794423366723901,-2.6887727897306277,7
7.796430290800562,-2.6510744351883533,7
7.7979917480794505,-2.6133386182156078,7
7.799107351360809,-2.57557469628851,7
7.799776824004779,-2.5377920338524587,7
7.1,0.7000000000000002,7
7.099551430213556,0.7284116947883295,7
7.0982061679983435,0.7567950681814066,7
7.095965554340995,0.7851218270153608,7
7.092831822733932,0.8133637345609461,7
7.088808096948972,0.8414926386705259,7
7.083898387923482,0.8694804998407464,7
7.078107589762197,0.8972994191629224,7
7.0714414748586565,0.9249216661332778,7
7.063906688141172,0.952319706295313,7
7.055510740449005,0.9794662286867521,7
7.046262001045408,1.0063341730637019,7
7.036169689274957,1.0328967568748926,7
7.025243865373509,1.0591275019591069,7
7.013495420439941,1.0850002609391889,7
7.000936065579662,1.1104892432863145,7
6.987578320230734,1.135569041028555,7
6.9734354996842205,1.1602146540780942,7
6.9585217018112155,1.18440151515186,7
6.942851793009779,1.2081055142607262,7
6.926441393385787,1.2313030227428756,7
6.909306861182474,1.2539709168173614,7
6.8914652764741735,1.2760866006343967,7
6.872934424140539,1.2976280287993882,7
6.853732776138176,1.318573728348266,7
6.833879473087405,1.3389028201522,7
6.813394305192471,1.3585950397303694,7
6.792297692514234,1.3776307574500395,7
6.770610664615015,1.3959909980938052,7
6.748354839595865,1.4136574597745009,7
6.725552402547176,1.4306125321789187,7
6.7022260834340965,1.4468393141221534,7
6.678399134438811,1.4623216303950692,7
6.65409530678226,1.4770440478881013,7
6.6293388270484,1.4909918909753146,7
6.604154373034628,1.5041512561433867,7
6.578567049152406,1.5165090258509335,7
6.552602361402644,1.5280528816043573,7
6.526286191950762,1.5387713162371917,7
6.499644773326785,1.5486536453806936,7
6.472704662276185,1.557690018114256,7
6.445492713287543,1.5658714267850167,7
6.418036051823405,1.5731897159868877,7
6.390362047281037,1.5796375906900368,7
6.3624982857100125,1.5852086235127332,7
6.334472542313835,1.5898972611283027,7
6.3063127537630175,1.593698829800803,7
6.278046990347196,1.5966095400439064,7
6.249703427994057,1.5986264903983414,7
6.221310320182962,1.5997476703241302,7
6.192895969781258,1.5999719622047408,7
6.164488700831373,1.5992991424611485,7
6.1361168303167855,1.597729881774705,7
6.107808639935048,1.5952657444185911,7
6.079592347905969,1.591909186698513,7
6.051496080843081,1.5876635545042026,7
6.02354784571642,1.582533079974164,7
5.995775501934569,1.5765228772769841,7
5.968206733573793,1.56963893751342,7
5.94086902178195,1.561888122744337,7
5.913789617384686,1.5532781591504587,7
5.8869955137212155,1.5438176293307428,7
5.860513419736781,1.5335159637470572,7
5.8343697333585895,1.5223834313236932,7
5.808590515181787,1.5104311292110766,7
5.783201462491687,1.4976709717238879,7
5.758227883648166,1.484115678464614,7
5.73369467285773,1.469778761644371,7
5.7096262853584365,1.4546745126136398,7
5.686046713042375,1.4388179876163365,7
5.66297946054003,1.4222249927814206,7
5.640447521790355,1.4049120683670018,7
5.618473357119911,1.3868964722726518,7
5.59707887085393,1.3681961628363553,7
5.576285389481601,1.348829780933245,7
5.556113640397366,1.328816631393976,7
5.536583731239399,1.3081766637612482,7
5.517715129845879,1.2869304524036682,7
5.4995266448490225,1.2650991760067725,7
5.482036406926232,1.2427045964616532,7
5.465261850727041,1.21976903717223,7
5.4492196974938745,1.1963153608027968,7
5.433925938393955,1.172366946488022,7
5.419395818578957,1.1479476665281148,7
5.405643821988308,1.1230818625924028,7
5.392683656911283,1.0977943214550212,7
5.380528242322284,1.0721102502869209,7
5.369189695002926,1.0460552515288102,7
5.3586793174637615,1.019655297370086,7
5.3490075866777,0.9929367038591908,7
5.340184143636325,0.9659261046712033,7
5.33221778373955,0.9386504245588112,7
5.325116448028169,0.911136852513132,7
5.318887215268057,0.8834128146611375,7
5.3135362948939004,0.8555059469266899,7
5.309069020819498,0.8274440674824568,7
5.3054898461208015,0.7992551490201478,7
5.302802338596986,0.7709672908667291,7
5.3010091772140004,0.7426086909744027,7
5.300112149434108,0.7142076178122734,7
5.300112149434108,0.685792382187727,7
5.3010091772140004,0.6573913090255981,7
5.302802338596987,0.6290327091332713,7
5.3054898461208015,0.600744850979853,7
5.309069020819498,0.5725559325175436,7
5.3135362948939004,0.5444940530733104,7
5.318887215268057,0.5165871853388633,7
5.325116448028169,0.4888631474868683,7
5.33221778373955,0.4613495754411894,7
5.340184143636325,0.43407389532879725,7
5.3490075866777,0.4070632961408096,7
5.3586793174637615,0.3803447026299145,7
5.369189695002925,0.3539447484711904,7
5.380528242322284,0.3278897497130795,7
5.392683656911283,0.30220567854497915,7
5.405643821988308,0.2769181374075973,7
5.419395818578957,0.2520523334718854,7
5.433925938393955,0.22763305351197882,7
5.449219697493874,0.2036846391972036,7
5.465261850727041,0.18023096282777074,7
5.482036406926232,0.15729540353834714,7
5.499526644849023,0.13490082399322745,7
5.517715129845879,0.11306954759633214,7
5.536583731239399,0.09182333623875216,7
5.556113640397365,0.07118336860602437,7
5.576285389481601,0.05117021906675534,7
5.59707887085393,0.0318038371636451,7
5.618473357119911,0.013103527727348574,7
5.640447521790354,-0.004912068367001421,7
5.66297946054003,-0.022224992781420205,7
5.686046713042375,-0.03881798761633615,7
5.7096262853584365,-0.054674512613639425,7
5.73369467285773,-0.06977876164437036,7
5.758227883648166,-0.08411567846461332,7
5.783201462491688,-0.0976709717238875,7
5.808590515181786,-0.11043112921107623,7
5.83436973335859,-0.12238343132369289,7
5.860513419736781,-0.13351596374705665,7
5.8869955137212155,-0.1438176293307425,7
5.913789617384686,-0.15327815915045861,7
5.94086902178195,-0.1618881227443365,7
5.968206733573793,-0.16963893751341974,7
5.995775501934569,-0.1765228772769838,7
6.023547845716419,-0.18253307997416357,7
6.051496080843081,-0.18766355450420225,7
6.079592347905969,-0.19190918669851253,7
6.107808639935048,-0.19526574441859101,7
6.1361168303167855,-0.19772988177470463,7
6.164488700831373,-0.19929914246114788,7
6.192895969781258,-0.19997196220474067,7
6.221310320182962,-0.19974767032413032,7
6.249703427994057,-0.19862649039834102,7
6.278046990347195,-0.19660954004390585,7
6.3063127537630175,-0.19369882980080244,7
6.334472542313835,-0.1898972611283023,7
6.362498285710012,-0.18520862351273282,7
6.390362047281037,-0.17963759069003649,7
6.418036051823405,-0.1731897159868876,7
6.445492713287543,-0.16587142678501654,7
6.472704662276185,-0.15769001811425554,7
6.499644773326785,-0.14865364538069326,7
6.526286191950763,-0.13877131623719108,7
6.552602361402643,-0.1280528816043569,7
6.578567049152406,-0.11650902585093292,7
6.6041543730346275,-0.10415125614338638,7
6.6293388270484,-0.09099189097531424,7
6.65409530678226,-0.07704404788810071,7
6.678399134438811,-0.06232163039506888,7
6.7022260834340965,-0.04683931412215303,7
6.725552402547176,-0.030612532178918794,7
6.748354839595865,-0.013657459774500502,7
6.770610664615015,0.004009001906195131,7
6.792297692514234,0.022369242549960644,7
6.813394305192471,0.04140496026963114,7
6.833879473087405,0.06109717984780039,7
6.853732776138175,0.08142627165173444,7
6.872934424140538,0.1023719712006117,7
6.8914652764741735,0.12391339936560364,7
6.909306861182474,0.14602908318263896,7
6.926441393385787,0.1686969772571243,7
6.942851793009779,0.19189448573927415,7
6.9585217018112155,0.21559848484814026,7
6.9734354996842205,0.23978534592190615,7
6.987578320230734,0.26443095897144553,7
7.000936065579662,0.28951075671368565,7
7.013495420439941,0.31499973906081147,7
7.025243865373509,0.3408724980408928,7
7.036169689274957,0.3671032431251078,7
7.046262001045408,0.3936658269362989,7
7.055510740449004,0.420533771313248,7
7.063906688141172,0.4476802937046873,7
7.0714414748586565,0.47507833386672216,7
7.078107589762197,0.5027005808370779,7
7.083898387923482,0.5305195001592544,7
7.088808096948972,0.5585073613294744,7
7.092831822733932,0.5866362654390542,7
7.095965554340995,0.6148781729846395,7
7.0982061679983435,0.6432049318185937,7
7.099551430213556,0.6715883052116709,7
6.9,1.5,7
6.891836734693878,1.5122448979591838,7
6.883673469387755,1.5244897959183672,7
6.875510204081633,1.536734693877551,7
6.86734693877551,1.5489795918367348,7
6.859183673469388,1.5612244897959182,7
6.851020408163265,1.573469387755102,7
6.8428571428571425,1.5857142857142859,7
6.83469387755102,1.5979591836734692,7
6.826530612244898,1.610204081632653,7
6.818367346938776,1.6224489795918369,7
6.810204081632653,1.6346938775510202,7
6.802040816326531,1.646938775510204,7
6.793877551020408,1.6591836734693879,7
6.785714285714286,1.6714285714285713,7
6.777551020408163,1.683673469387755,7
6.7693877551020405,1.695918367346939,7
6.761224489795918,1.7081632653061223,7
6.753061224489796,1.720408163265306,7
6.744897959183674,1.73265306122449,7
6.736734693877551,1.7448979591836733,7
6.728571428571429,1.7571428571428571,7
6.720408163265306,1.769387755102041,7
6.7122448979591836,1.7816326530612248,7
6.704081632653061,1.7938775510204081,7
6.6959183673469385,1.806122448979592,7
6.687755102040816,1.8183673469387753,7
6.679591836734694,1.8306122448979592,7
6.671428571428572,1.842857142857143,7
6.663265306122449,1.8551020408163268,7
6.655102040816327,1.8673469387755102,7
6.646938775510204,1.879591836734694,7
6.6387755102040815,1.8918367346938778,7
6.630612244897959,1.9040816326530612,7
6.622448979591836,1.916326530612245,7
6.614285714285714,1.9285714285714288,7
6.606122448979592,1.9408163265306122,7
6.59795918367347,1.953061224489796,7
6.589795918367347,1.9653061224489798,7
6.581632653061225,1.9775510204081632,7
6.573469387755102,1.989795918367347,7
6.5653061224489795,2.002040816326531,7
6.557142857142857,2.0142857142857142,7
6.548979591836734,2.026530612244898,7
6.540816326530612,2.038775510204082,7
6.53265306122449,2.0510204081632653,7
6.524489795918368,2.063265306122449,7
6.516326530612245,2.075510204081633,7
6.5081632653061225,2.0877551020408163,7
6.5,2.1,7
6.4918367346938775,2.0877551020408163,7
6.483673469387755,2.075510204081633,7
6.475510204081632,2.063265306122449,7
6.46734693877551,2.0510204081632653,7
6.459183673469388,2.038775510204082,7
6.451020408163266,2.026530612244898,7
6.442857142857143,2.0142857142857142,7
6.4346938775510205,2.002040816326531,7
6.426530612244898,1.989795918367347,7
6.418367346938775,1.9775510204081632,7
6.410204081632653,1.9653061224489798,7
6.40204081632653,1.953061224489796,7
6.393877551020408,1.9408163265306122,7
6.385714285714286,1.9285714285714288,7
6.377551020408164,1.916326530612245,7
6.369387755102041,1.9040816326530612,7
6.3612244897959185,1.8918367346938778,7
6.353061224489796,1.879591836734694,7
6.344897959183673,1.8673469387755102,7
6.336734693877551,1.8551020408163268,7
6.328571428571428,1.842857142857143,7
6.320408163265306,1.8306122448979592,7
6.312244897959184,1.8183673469387758,7
6.3040816326530615,1.806122448979592,7
6.295918367346939,1.7938775510204081,7
6.2877551020408164,1.7816326530612248,7
6.279591836734694,1.769387755102041,7
6.271428571428571,1.7571428571428571,7
6.263265306122449,1.7448979591836737,7
6.255102040816326,1.73265306122449,7
6.246938775510204,1.720408163265306,7
6.238775510204082,1.7081632653061227,7
6.2306122448979595,1.695918367346939,7
6.222448979591837,1.683673469387755,7
6.214285714285714,1.6714285714285717,7
6.206122448979592,1.6591836734693879,7
6.197959183673469,1.646938775510204,7
6.189795918367347,1.6346938775510207,7
6.181632653061224,1.6224489795918369,7
6.173469387755102,1.610204081632653,7
6.16530612244898,1.5979591836734697,7
6.1571428571428575,1.5857142857142859,7
6.148979591836735,1.573469387755102,7
6.140816326530612,1.5612244897959187,7
6.13265306122449,1.5489795918367348,7
6.124489795918367,1.536734693877551,7
6.116326530612245,1.5244897959183676,7
6.108163265306122,1.5122448979591838,7
6.1,1.5,7
6.116326530612245,1.5,7
6.13265306122449,1.5,7
6.148979591836735,1.5,7
6.16530612244898,1.5,7
6.181632653061224,1.5,7
6.197959183673469,1.5,7
6.214285714285714,1.5,7
6.2306122448979595,1.5,7
6.246938775510204,1.5,7
6.263265306122449,1.5,7
6.279591836734694,1.5,7
6.295918367346939,1.5,7
6.312244897959184,1.5,7
6.328571428571428,1.5,7
6.344897959183673,1.5,7
6.3612244897959185,1.5,7
6.377551020408164,1.5,7
6.393877551020408,1.5,7
6.410204081632653,1.5,7
6.426530612244898,1.5,7
6.442857142857143,1.5,7
6.459183673469388,1.5,7
6.475510204081632,1.5,7
6.4918367346938775,1.5,7
6.5081632653061225,1.5,7
6.524489795918368,1.5,7
6.540816326530612,1.5,7
6.557142857142857,1.5,7
6.573469387755102,1.5,7
6.589795918367347,1.5,7
6.606122448979592,1.5,7
6.622448979591836,1.5,7
6.6387755102040815,1.5,7
6.655102040816327,1.5,7
6.671428571428572,1.5,7
6.687755102040816,1.5,7
6.704081632653061,1.5,7
6.720408163265306,1.5,7
6.736734693877551,1.5,7
6.753061224489796,1.5,7
6.7693877551020405,1.5,7
6.785714285714286,1.5,7
6.802040816326531,1.5,7
6.818367346938776,1.5,7
6.83469387755102,1.5,7
6.851020408163265,1.5,7
6.86734693877551,1.5,7
6.883673469387755,1.5,7
6.091836734693878,1.5122448979591838,7
6.083673469387755,1.5244897959183672,7
6.075510204081633,1.536734693877551,7
6.06734693877551,1.5489795918367348,7
6.059183673469388,1.5612244897959182,7
6.051020408163265,1.573469387755102,7
6.042857142857143,1.5857142857142859,7
6.03469387755102,1.5979591836734692,7
6.026530612244898,1.610204081632653,7
6.018367346938776,1.6224489795918369,7
6.010204081632653,1.6346938775510202,7
6.002040816326531,1.646938775510204,7
5.993877551020408,1.6591836734693879,7
5.985714285714286,1.6714285714285713,7
5.977551020408163,1.683673469387755,7
5.969387755102041,1.695918367346939,7
5.961224489795918,1.7081632653061223,7
5.953061224489796,1.720408163265306,7
5.944897959183674,1.73265306122449,7
5.936734693877551,1.7448979591836733,7
5.928571428571429,1.7571428571428571,7
5.920408163265306,1.769387755102041,7
5.912244897959184,1.7816326530612248,7
5.904081632653061,1.7938775510204081,7
5.895918367346939,1.806122448979592,7
5.887755102040816,1.8183673469387753,7
5.8795918367346935,1.8306122448979592,7
5.871428571428572,1.842857142857143,7
5.863265306122449,1.8551020408163268,7
5.855102040816327,1.8673469387755102,7
5.846938775510204,1.879591836734694,7
5.838775510204082,1.8918367346938778,7
5.830612244897959,1.9040816326530612,7
5.822448979591837,1.916326530612245,7
5.814285714285714,1.9285714285714288,7
5.8061224489795915,1.9408163265306122,7
5.797959183673469,1.953061224489796,7
5.789795918367347,1.9653061224489798,7
5.781632653061225,1.9775510204081632,7
5.773469387755102,1.989795918367347,7
5.76530612244898,2.002040816326531,7
5.757142857142857,2.0142857142857142,7
5.748979591836735,2.026530612244898,7
5.740816326530612,2.038775510204082,7
5.7326530612244895,2.0510204081632653,7
5.724489795918368,2.063265306122449,7
5.716326530612245,2.075510204081633,7
5.708163265306123,2.0877551020408163,7
5.7,2.1,7
5.691836734693878,2.0877551020408163,7
5.683673469387755,2.075510204081633,7
5.6755102040816325,2.063265306122449,7
5.66734693877551,2.0510204081632653,7
5.659183673469387,2.038775510204082,7
5.651020408163266,2.026530612244898,7
5.642857142857143,2.0142857142857142,7
5.634693877551021,2.002040816326531,7
5.626530612244898,1.989795918367347,7
5.618367346938776,1.9775510204081632,7
5.610204081632653,1.9653061224489798,7
5.6020408163265305,1.953061224489796,7
5.593877551020408,1.9408163265306122,7
5.585714285714285,1.9285714285714288,7
5.577551020408164,1.916326530612245,7
5.569387755102041,1.9040816326530612,7
5.561224489795919,1.8918367346938778,7
5.553061224489796,1.879591836734694,7
5.544897959183674,1.8673469387755102,7
5.536734693877551,1.8551020408163268,7
5.5285714285714285,1.842857142857143,7
5.520408163265306,1.8306122448979592,7
5.512244897959183,1.8183673469387758,7
5.504081632653062,1.806122448979592,7
5.495918367346939,1.7938775510204081,7
5.487755102040817,1.7816326530612248,7
5.479591836734694,1.769387755102041,7
5.4714285714285715,1.7571428571428571,7
5.463265306122449,1.7448979591836737,7
5.455102040816326,1.73265306122449,7
5.446938775510204,1.720408163265306,7
5.438775510204081,1.7081632653061227,7
5.43061224489796,1.695918367346939,7
5.422448979591836,1.683673469387755,7
5.414285714285715,1.6714285714285717,7
5.406122448979592,1.6591836734693879,7
5.3979591836734695,1.646938775510204,7
5.389795918367347,1.6346938775510207,7
5.381632653061224,1.6224489795918369,7
5.373469387755102,1.610204081632653,7
5.365306122448979,1.5979591836734697,7
5.357142857142858,1.5857142857142859,7
5.348979591836735,1.573469387755102,7
5.340816326530613,1.5612244897959187,7
5.33265306122449,1.5489795918367348,7
5.3244897959183675,1.536734693877551,7
5.316326530612245,1.5244897959183676,7
5.308163265306122,1.5122448979591838,7
5.3,1.5,7
5.316326530612245,1.5,7
5.33265306122449,1.5,7
5.348979591836735,1.5,7
5.365306122448979,1.5,7
5.381632653061224,1.5,7
5.3979591836734695,1.5,7
5.414285714285715,1.5,7
5.43061224489796,1.5,7
5.446938775510204,1.5,7
5.463265306122449,1.5,7
5.479591836734694,1.5,7
5.495918367346939,1.5,7
5.512244897959183,1.5,7
5.5285714285714285,1.5,7
5.544897959183674,1.5,7
5.561224489795919,1.5,7
5.577551020408164,1.5,7
5.593877551020408,1.5,7
5.610204081632653,1.5,7
5.626530612244898,1.5,7
5.642857142857143,1.5,7
5.659183673469387,1.5,7
5.6755102040816325,1.5,7
5.691836734693878,1.5,7
5.708163265306123,1.5,7
5.724489795918367,1.5,7
5.740816326530612,1.5,7
5.757142857142857,1.5,7
5.773469387755102,1.5,7
5.789795918367346,1.5,7
5.8061224489795915,1.5,7
5.822448979591837,1.5,7
5.838775510204082,1.5,7
5.855102040816327,1.5,7
5.871428571428571,1.5,7
5.887755102040816,1.5,7
5.904081632653061,1.5,7
5.920408163265306,1.5,7
5.9367346938775505,1.5,7
5.953061224489796,1.5,7
5.969387755102041,1.5,7
5.985714285714286,1.5,7
6.002040816326531,1.5,7
6.018367346938775,1.5,7
6.03469387755102,1.5,7
6.051020408163265,1.5,7
6.06734693877551,1.5,7
6.083673469387755,1.5,7
4.6,-2.5,7
4.6061160570237485,-2.4927727424709087,7
4.6116131420742175,-2.4855554316894066,7
4.616492213626664,-2.478358004136521,7
4.6207548680406045,-2.4711903757707527,7
4.624403337912118,-2.4640624317932938,7
4.627440489769475,-2.45698401644499,7
4.629869821114437,-2.449964922845583,7
4.631695456812303,-2.443014882885716,7
4.632922144834419,-2.4361435571821355,7
4.6335552513575475,-2.4293605251064623,7
4.633600755225153,-2.422675274897819,7
4.633065241776323,-2.4160971938695153,7
4.631955896048693,-2.409635558719911,7
4.630280495362392,-2.4032995259574466,7
4.62804740129266,-2.397098122449729,7
4.625265551039427,-2.3910402361064262,7
4.621944448202759,-2.3851346067055883,7
4.61809415297369,-2.3793898168728624,7
4.613725271750572,-2.373814283222914,7
4.608848946191651,-2.3684162476721937,7
4.603476841715178,-2.3632037689320247,7
4.5976211354589145,-2.35818471419078,7
4.591294503711467,-2.353366750993745,7
4.584510108828424,-2.348757339329039,7
4.5772815856468,-2.3443637239277715,7
4.569623027411792,-2.3401929267863704,7
4.561548971230413,-2.3362517399188123,7
4.553074383066967,-2.332546718346227,7
4.544214642295898,-2.3290841733311165,7
4.534985525827923,-2.325870165863165,7
4.5254031918258555,-2.3229105004033768,7
4.515484163026911,-2.320210718892984,7
4.505245309688728,-2.3177760950333193,7
4.49470383217668,-2.3156116288425483,7
4.483877243210475,-2.313722041494891,7
4.47278334978836,-2.3121117704476477,7
4.461440234807574,-2.3107849648610648,7
4.449866238400046,-2.3097454813157716,7
4.438079939002572,-2.308996879832196,7
4.426100134181039,-2.308542420196084,7
4.413945821228463,-2.3083850585939003,7
4.401636177556889,-2.3085274445615953,7
4.3891905409033685,-2.3089719182498776,7
4.376628389370467,-2.309720508008822,7
4.363969321321888,-2.310774928294303,7
4.351233035153973,-2.3121365778984133,7
4.338439308963946,-2.3138065385056996,7
4.325607980135901,-2.3157855735766963,7
4.312758924865596,-2.3180741275599184,7
4.2999120376451785,-2.320672325433124,7
4.287087210729041,-2.3235799725743176,7
4.2743043136019745,-2.326796554962628,7
4.261583172470827,-2.3303212397088595,7
4.248943549800834,-2.3341528759151573,7
4.236405123917738,-2.338289995862912,7
4.223987468696749,-2.3427308165276695,7
4.211710033359326,-2.347473241419482,7
4.199592122398605,-2.3525148627468075,7
4.187652875654216,-2.357852963901718,7
4.17591124855705,-2.363484522263853,7
4.164385992564363,-2.369406212320225,7
4.153095635805404,-2.3756144090976576,7
4.142058463957564,-2.3821051919043095,7
4.131292501372762,-2.3888743483764263,7
4.120815492473564,-2.3959173788261467,7
4.11064488343823,-2.403229500885863,7
4.100797804193601,-2.4108056544443555,7
4.091291050734388,-2.4186405068696013,7
4.0821410677871555,-2.4267284585128612,7
4.073363931836845,-2.435063648488376,7
4.06497533453339,-2.4436399607226904,7
4.056990566495543,-2.452451030267379,7
4.049424501528616,-2.4614902498686417,7
4.042291581272453,-2.470750776786997,7
4.035605800295441,-2.4802255398600375,7
4.02938069164999,-2.489907246800944,7
4.023629312904355,-2.4997883917252435,7
4.0183642326652285,-2.5098612628980224,7
4.013597517605024,-2.520117950693618,7
4.009340720007227,-2.5305503557595577,7
4.0056048658426775,-2.541150197376326,7
4.002400443389081,-2.551909022004333,7
3.9997373924055086,-2.5628182120092564,7
3.997625093873048,-2.573868994556755,7
3.996072360312198,-2.585052450667373,7
3.995087426687003,-2.5963595244222892,7
3.9946779419053144,-2.6077810323104043,7
3.994850960923948,-2.61930767270713,7
3.995612937466894,-2.630930035475083,7
3.9969697173640872,-2.642638611676782,7
3.9989265325176184,-2.654423803389325,7
4.001487995501616,-2.6662759336109083,7
4.004658094801361,-2.6781852562489714,7
4.008440190696561,-2.6901419661796506,7
4.012837011793037,-2.702136209368164,7
4.017850652206375,-2.7141580930396785,7
4.023482569400487,-2.7261976958901646,7
4.0297335826832805,-2.7382450783266954,7
4.036603872361011,-2.750290292726623,7
4.044092979552177,-2.7623233937050453,7
4.052199806661156,-2.7743344483799603,7
4.060922618511093,-2.7863135466245152,7
4.070259044134861,-2.7982508112957705,7
4.080206079222272,-2.81013640842942,7
4.09076008922097,-2.821960557389941,7
4.101916813087856,-2.8337135409657055,7
4.113671367687131,-2.845385715398623,7
4.12601825283043,-2.856967520337972,7
4.138951356953868,-2.8684494887081415,7
4.152463963426099,-2.8798222564800975,7
4.166548757480905,-2.8910765723364893,7
4.181197833767155,-2.9022033072204225,7
4.19640270450833,-2.9131934637580383,7
4.212154308263207,-2.924038185545176,7
4.228443019278645,-2.934728766288535,7
4.245258657424836,-2.945256658791897,7
4.262590498702751,-2.955613483778139,7
4.2804272863129444,-2.9657910385379234,7
4.298757242274285,-2.975781305396147,7
4.317568079580637,-2.9855764599874086,7
4.3368470148829195,-2.995168879331942,7
4.356580781683477,-3.004551149703701,7
4.376755644029131,-3.013716074282452,7
4.397357410688775,-3.0226566805819903,7
4.418371449800896,-3.0313662276468163,7
4.439782703975888,-3.0398382130098223,7
4.461575705837573,-3.0480663794038363,7
4.483734593987897,-3.0560447212200748,7
4.506243129378314,-3.063767490706849,7
4.52908471207096,-3.071229203902118,7
4.552242398372322,-3.078424646293781,7
4.575698918321722,-3.085348878201845,7
4.599436693516543,-3.0919972398769273,7
4.6234378552558315,-3.098365356309833,7
4.64768426298352,-3.104449141747229,7
4.672157523012249,-3.1102448039087642,7
4.696839007508462,-3.115748847901285,7
4.721709873719171,-3.120958079826096,7
4.746751083420557,-3.125869610075549,7
4.771943422568317,-3.1304808563155646,7
4.797267521129491,-3.1347895461509907,7
4.8227038730753025,-3.138793719471062,7
4.848232856514341,-3.1424917304725346,7
4.873834753945363,-3.1458822493584044,7
4.899489772608752,-3.1489642637104636,7
4.925178064915677,-3.151737079534266,7
4.950879748933824,-3.154200321975441,7
4.976574928908592,-3.156353935706594,7
5.002243715798544,-3.1581981849844203,7
5.027866247803937,-3.1597336533769447,7
5.053422710867125,-3.1609612431611938,7
5.078893359123695,-3.161882174391909,7
5.104258535283217,-3.1624979836422624,7
5.129498690918553,-3.162810522417878,7
5.154594406642838,-3.1628219552457972,7
5.179526412153232,-3.1625347574403566,7
5.204275606120826,-3.161951712548283,7
5.228823075906126,-3.1610759094756515,7
5.253150117079778,-3.159910739299661,7
5.277238252728401,-3.158459891768527,7
5.301069252525579,-3.156727351493097,7
5.324625151548338,-3.1547173938341215,7
5.347888268819692,-3.152434580489434,7
5.3708412255581095,-3.149883754785579,7
5.393466963115064,-3.147070036678763,7
5.415748760582169,-3.143998817470274,7
5.437670252049702,-3.140675754241839,7
5.459215443498727,-3.1371067640166515,7
5.480368729309356,-3.1332980176520997,7
5.501114908368138,-3.129255933470501,7
5.521439199757923,-3.1249871706344123,7
5.541327258014025,-3.1204986222733604,7
5.560765187930934,-3.115797408369076,7
5.5797395589042855,-3.110890868406592,7
5.598237418793296,-3.105786553798767,7
5.616246307289348,-3.1004922200920833,7
5.633754268776932,-3.095015818961732,7
5.650749864673664,-3.089365490004274,7
5.66722218523665,-3.083549552336334,7
5.683160860823004,-3.0775764960080023,7
5.698556072592908,-3.0714549732398053,7
5.713398562644142,-3.0651937894922967,7
5.727679643567664,-3.0588018943774764,7
5.741391207414336,-3.0522883724214243,7
5.754525734063562,-3.045662433687684,7
5.767076298985211,-3.0389334042710727,7
5.779036580386775,-3.032110716671724,7
5.790400865738435,-3.0252039000593136,7
5.801164057669257,-3.0182225704374956,7
5.811321679228462,-3.011176420718725,7
5.8208698785063175,-3.004075210719689,7
5.829805432609899,-2.996928757087688,7
5.838125750989607,-2.989746923168356,7
5.845828878113008,-2.9825396088251845,7
5.8529134954832465,-2.9753167402213507,7
5.85937892299993,-2.968088259574403,7
5.865225119661099,-2.9608641148943753,7
5.870452683605548,-2.953654249715921,7
5.875062851495455,-2.9464685928350685,7
5.879057497239952,-2.939317048061189,7
5.882439130060974,-2.932209483994753,7
5.885210891903351,-2.925155723841428,7
5.887376554191847,-2.9181655352730296,7
5.888940513938468,-2.911248620345799,7
5.889907789204082,-2.9044146054863926,7
5.890284013919007,-2.897673031555947,7
5.89007543206794,-2.8910333440024494,7
5.889288891245212,-2.884504883111596,7
5.88793183558702,-2.878096874366192,7
5.886012298087949,-2.8718184189240437,7
5.883538892309691,-2.8656784842241754,7
5.880520803490537,-2.859685894731064,7
5.876967779064808,-2.8538493228264445,7
5.872890118602014,-2.8481772798580876,7
5.868298663176132,-2.842678107354792,7
5.863204784175956,-2.8373599684166506,7
5.85762037156809,-2.8322308392894873,7
5.8515578216246915,-2.8272985011321543,7
5.845030024128621,-2.8225705319851864,7
5.838050349069227,-2.818054298949109,7
5.830632632842463,-2.813756950580464,7
5.822791163969632,-2.80968540951341,7
5.814540668349436,-2.805846365314505,7
5.805896294058613,-2.802246267578057,7
5.796873595716801,-2.7988913192691527,7
5.787488518431803,-2.7957874703212555,7
5.777757381341798,-2.792940411494963,7
5.767696860771501,-2.7903555685042756,7
5.757323973019654,-2.7880380964164306,7
5.746656056795599,-2.785992874331085,7
5.735710755323097,-2.7842245003443424,7
5.724505998129816,-2.7827372868028144,7
5.7130599825413295,-2.7815352558526203,7
5.701391154898699,-2.7806221352879197,7
5.689518191519028,-2.78000135470326,7
5.677459979418661,-2.779676041953709,7
5.665235596818893,-2.779649019926436,7
5.652864293454337,-2.7799228036270547,7
5.6403654707042605,-2.7804995975837596,7
5.627758661567397,-2.781381293571913,7
5.615063510500915,-2.7825694686614453,7
5.602299753144336,-2.784065383589078,7
5.589487195949343,-2.7858699814570502,7
5.576645695736503,-2.7879838867596956,7
5.5637951391999945,-2.790407404738865,7
5.5509554223815005,-2.7931405210688744,7
5.538146430134465,-2.796182901871288,7
5.525388015599884,-2.799533894059533,7
5.5126999797148315,-2.8031925260129853,7
